unique_ID,Transacted_amount,Orig_OLD_acc_balance,Orig_NEW_acc_balance,Dest_OLD_acc_balance,Dest_NEW_acc_balance,latitude,longitude,total_hrs_from_first_trans,transaction_type,SAR_Fraud
757d2b67-0b82-43e2-a8fa-10c1c87f1b70,1018645.2,1018645.2,0.0,80713.83,1099359.03,33.45122,-86.99665999999999,693.0,3,1
7d825079-c55d-436e-bacb-fdc8872e3af5,141410.98,141410.98,0.0,594609.75,736020.74,26.68451,-80.66756,373.0,3,0
48bbf915-e742-4247-a4e4-5f5907dfa499,199870.29,199870.29,0.0,0.0,0.0,34.25628,-78.04471,303.0,4,0
f8211b51-5cc1-425a-8385-f9082c033715,1650168.9,1650168.9,0.0,3023206.41,4673375.3,40.2737,-76.88441999999999,213.0,3,0
566c99f6-591f-4cf5-9dac-b52154c5985c,182739.36,182739.36,0.0,2520763.27,2703502.63,40.63316,-74.13653000000001,635.0,3,0
2b9e02b0-c1f1-4926-b795-349b8f2c9b06,128133.0,128133.0,0.0,0.0,0.0,33.93113,-117.54866,37.0,4,0
375bea1f-7e60-4d48-b46e-3de2b359453f,179648.89,179648.89,0.0,0.0,0.0,40.57788,-73.95958,285.00000000000006,4,0
7680726a-db07-4332-83d1-cdd99d9eb3e8,0.0,0.0,0.0,107777.02,107777.02,39.09112,-94.41551,702.0,3,1
128cd477-dab3-4253-9e09-f4c0185d23a9,47984.43,47984.43,0.0,0.0,0.0,45.53929,-122.38731,395.0,4,0
17cd6634-5c35-47b5-a3b7-a39833061f2b,6188514.81,6188514.81,0.0,0.0,0.0,40.94065,-73.99681,13.0,4,0
e5ed6e99-1f47-407a-8f09-1bb75245c193,338364.14,338364.14,0.0,724300.82,1062664.96,35.88264,-80.08199,730.0,3,0
d9381984-da52-4c75-a415-5fbbc4af1866,652993.91,652993.91,0.0,0.0,652993.91,33.44872,-86.78777,742.0,3,0
a630c411-2868-4ff3-8352-a3b94e1565c9,328110.3,328110.3,0.0,2649979.1,2978089.39,40.58654,-122.39168,207.0,3,0
d3eb3556-52cd-4fb0-ae49-eff39c53bc7f,404185.57,404185.57,0.0,0.0,0.0,40.65538,-74.38987,454.0,4,0
37f14ddd-7408-46e5-a967-1aa32ef99f0b,29707.86,29707.86,0.0,0.0,0.0,42.35843,-71.05977,8.0,4,0
17dfa725-8567-4d14-851c-e6e6a15dae89,151105.97,151105.97,0.0,0.0,151105.97,38.96372,-76.99081,553.0000000000001,3,0
6bd05ea5-083c-4717-8559-da7fccc15c9e,513693.13,513693.13,0.0,0.0,0.0,45.49428,-122.86705,436.0,4,0
f4293d0b-d7a8-4b1e-bbfd-3f7e0e69375c,4738282.28,4738282.28,0.0,0.0,4738282.28,45.49428,-122.86705,157.0,3,0
d54a0941-4268-4097-adf3-b03d86b9592d,115461.48,115461.48,0.0,0.0,0.0,34.142509999999994,-118.25508,87.0,4,0
0c3df145-210f-49cf-b6d8-14d614ba69a9,251621.18,251621.18,0.0,0.0,0.0,42.58342,-71.8023,117.0,4,0
cc3da784-00e2-489c-971a-c8ccaa30bb42,103078.52,103078.52,0.0,0.0,0.0,30.16688,-96.39774,273.00000000000006,4,0
6d301326-632b-4a0e-bbe0-9b4ac209c02d,49871.73,49871.73,0.0,500871.89,550743.62,45.53929,-122.38731,640.0,3,0
b2f97119-95c0-47e9-8625-6aa07ab5edca,443682.96,443682.96,0.0,587076.1,1030759.06,34.09668,-117.71978,308.0,3,0
17222f8d-3d72-42e1-99ad-103ca660ad91,25616.71,25616.71,0.0,3380917.08,3406533.8,34.09611,-118.10583,491.0,3,0
a4e1be56-fe78-4b9e-9c7c-029d9e811bf3,1464160.5,1464160.5,0.0,462739.95,1926900.44,41.47892,-87.45476,420.0,3,0
24c9a373-cec1-4bd2-ae67-848f0fdf0547,431356.55,431356.55,0.0,2787800.23,3219156.78,33.45122,-86.99665999999999,157.0,3,0
58929a39-9d85-47f9-9df4-a9e10f74e7a7,38580.45,38580.45,0.0,0.0,0.0,38.06084,-97.92977,229.0,4,0
cdc1c30b-af58-4498-9c4c-9ef49f56946e,846589.73,846589.73,0.0,0.0,846589.73,31.76212,-95.63079,205.0,3,0
bf92a09f-b795-4dfd-863c-7212894ac52c,1036789.41,1036789.41,0.0,523315.63,1560105.04,33.92946,-116.97725,70.00000000000001,3,0
bf636fa0-32bc-4c58-a43c-ec21d3ed9762,48132.52,48132.52,0.0,94309.66,142442.19,35.05266,-78.87836,407.0,3,0
5f3b1610-db71-439b-8679-bbce54b8bdd7,119143.75,119143.75,0.0,0.0,0.0,41.55815,-73.0515,728.0,4,0
f6c75bf5-5702-499d-9a3e-9924905faa6d,56745.14,56745.14,0.0,0.0,0.0,42.24113,-88.3162,95.0,4,0
a6a80ce0-0d2c-4c52-82a4-7da4717a48ff,74921.74,74921.74,0.0,0.0,0.0,26.2173,-80.22588,357.0,4,1
866b833b-0b02-401b-872d-bb4d2bcb6e73,277048.48,277048.48,0.0,0.0,277048.48,39.72943,-104.83192,608.0,3,0
0a03cebe-988f-4ad5-b4cc-9407bbb6dcd1,5464727.14,5464727.14,0.0,9012.39,5473739.54,42.30865,-83.48216,372.0,3,0
a13198ef-44c9-4734-9360-fb919b7beb94,99458.21,99458.21,0.0,0.0,0.0,41.47892,-87.45476,379.0,4,0
e56d98d8-7684-45e1-9463-1a2f3ad37a6f,5591647.96,5591647.96,0.0,0.0,0.0,33.03699,-117.29198,297.0,4,1
bfb87380-6424-41cb-b2a4-343b00dea276,281023.82,281023.82,0.0,0.0,0.0,41.27621,-72.86843,411.0,4,0
90697b6e-c624-40d1-8e84-8e525303d3fa,3547485.43,3547485.43,0.0,0.0,0.0,45.53929,-122.38731,531.0000000000001,4,0
2b66c036-9f24-4099-b2b6-4f34c6d9ee6e,10000000.0,10000000.0,0.0,920463.99,10920463.99,26.18924,-98.15529,296.0,3,0
9ad17bdd-0300-4211-a890-ffee69c9d4f1,115535.52,115535.52,0.0,0.0,115535.52,34.77453,-96.67834,153.0,3,0
4ab24e10-7978-48ad-b997-1948d32f9698,2178303.49,2178303.49,0.0,0.0,2178303.49,33.72255,-116.37697,403.0,3,0
c4113bd0-2be2-4c8e-b380-26df1ed0564a,175203.45,175203.45,0.0,0.0,0.0,32.5007,-94.74049,567.0000000000001,4,0
15e07625-c4ee-4765-82e1-c7906cfd5f72,3929113.14,3929113.14,0.0,0.0,0.0,45.0408,-93.263,265.00000000000006,4,0
7dd3f451-36e0-40b5-b886-3192db986ff5,729078.34,729078.34,0.0,0.0,0.0,33.08014,-83.2321,636.0,4,0
396d644a-334a-4d38-b429-2889cb982668,59127.34,59127.34,0.0,0.0,0.0,41.6764,-91.58045,74.0,4,0
ad5ed8ee-f553-4404-9eeb-0bbc5f7b8a74,9468064.05,9468064.05,0.0,100936.07,9569000.12,39.08367,-84.50855,656.0,3,0
4e290e20-f640-43b9-b08e-64d2763cb8a6,224230.16,224230.16,0.0,427065.03,651295.19,20.88953,-156.47432,415.0,3,0
92f0c2a3-621b-471f-af43-06f369ab1600,503405.88,503405.88,0.0,29669.0,533074.88,40.57788,-73.95958,10.0,3,0
3c36dfb6-0f63-4812-8cfa-6d1667832ffd,426323.38,426323.38,0.0,0.0,0.0,40.57788,-73.95958,419.0,4,0
406d29d0-e626-4501-b563-7b48589d34df,286670.9,286670.9,0.0,0.0,0.0,38.70734,-77.02303,99.0,4,0
0ca196c3-b11a-49c3-bdce-339231b5c891,205170.29,205170.29,0.0,12555586.13,12760756.42,29.53885,-95.44744,399.0,3,0
9b6d83c7-5af0-4220-9164-c72298f199ca,42513.08,42513.08,0.0,0.0,42513.08,40.82232,-74.15987,67.00000000000001,3,0
39f43800-7530-420b-982e-a5d985c199cf,1534985.07,1534985.07,0.0,0.0,1534985.07,40.56754,-89.64066,82.0,3,0
6c840fd1-9919-4a36-b90c-603bbda7db16,10000000.0,10000000.0,0.0,551074.14,10551074.14,26.2173,-80.22588,160.0,3,0
b4e1bc8a-84f1-41c2-8f34-eb018e9b1d1e,1773151.32,1773151.32,0.0,775203.68,2548354.99,41.9001,-71.08977,529.0000000000001,3,0
e2d583aa-df20-4544-8a32-4c2d277f78c5,266836.35,266836.35,0.0,0.0,0.0,40.2737,-76.88441999999999,228.0,4,0
fa2d3061-9d95-4866-9701-b05959ef6e71,4863106.47,4863106.47,0.0,0.0,0.0,45.16024,-93.08883,591.0,4,0
b46c5e0f-ddb0-45a7-9dc9-7ea16c4a56eb,85303.24,85303.24,0.0,0.0,85303.24,34.258070000000004,-88.70464,550.0000000000001,3,0
7dc61fc7-b55d-424c-b235-a8ec9136372b,144254.93,144254.93,0.0,128529.95,272784.88,33.50921,-111.89903,640.0,3,0
7047f4ac-9bb1-48be-b496-0eec3ff6b1bd,188731.21,188731.21,0.0,0.0,0.0,43.1009,-75.23266,671.0,4,0
26758831-e539-4865-ba91-692c6e2758b2,49210.21,49210.21,0.0,0.0,0.0,35.88264,-80.08199,274.00000000000006,4,0
696a0574-4515-4b87-9c82-88a9c8c60456,15093.69,15093.69,0.0,700860.28,715953.97,39.08367,-84.50855,569.0000000000001,3,0
fcd0b141-dd99-460f-9c95-25ff6158618a,1828.6,1828.6,0.0,0.0,0.0,39.78504,-85.76942,566.0000000000001,4,0
0fea03a0-8d09-4a62-ab88-ea6830356262,240746.27,240746.27,0.0,0.0,0.0,34.216390000000004,-119.0376,702.0,4,1
02f860a6-4e3a-4e01-a5d2-79478883c9e2,10000000.0,10850530.59,850530.59,0.0,0.0,40.65538,-74.38987,306.0,4,0
f0d7b1f0-4cda-49ee-a4b0-d374893eb216,1021194.38,1021194.38,0.0,0.0,1021194.38,40.63316,-74.13653000000001,570.0000000000001,3,0
d37406f3-095f-4523-94c1-2ccae7c20778,305846.12,305846.12,0.0,0.0,0.0,33.52253,-117.70755,639.0,4,0
651a2794-66ff-485e-88f1-964ca23555e0,1810044.85,1810044.85,0.0,1005720.69,2815765.54,40.34912,-111.90466,734.0,3,0
022c0571-eb6e-46e7-bf03-235707da50a8,1782737.6,1782737.6,0.0,7355794.78,9138532.38,38.91817,-78.19444,240.0,3,0
d9e6482f-2d14-4353-8164-e1b1e1cee39b,609416.21,609416.21,0.0,0.0,0.0,35.61452,-88.81395,251.0,4,0
6a6c9d93-1e97-4c93-9af5-1ce0d782607b,24382.08,24382.08,0.0,6866.91,31248.99,36.91023,-121.75688999999998,482.0,3,0
874554a0-d31a-4982-8c20-57f5b8f7acdd,104171.37,104171.37,0.0,0.0,0.0,27.718090000000004,-82.35176,466.0,4,0
888bdd63-c34a-442d-837b-f12e56acb878,348055.47,348055.47,0.0,0.0,0.0,35.88264,-80.08199,444.0,4,0
1fbe3e3d-c6da-4d17-b56a-7777d57a1ce0,2239461.29,2239461.29,0.0,0.0,0.0,39.00622,-77.4286,357.0,4,0
60785015-b64e-4ec5-b868-b628623881ac,20278.62,20278.62,0.0,12454.77,32733.39,40.72371,-73.95097,625.0,3,0
563b99c3-16b8-4ff0-929a-76510256bc99,108560.06,108560.06,0.0,0.0,0.0,42.97086,-82.42491,403.0,4,0
d7e1eb00-b141-4cf4-aedb-5bb1f300ea05,43092.0,43092.0,0.0,660641.74,1158662.9,43.91452,-69.96533000000001,8.0,3,0
76fb0980-c7e0-4e41-9453-b598fb74149f,157277.0,157277.0,0.0,0.0,0.0,39.00622,-77.4286,521.0000000000001,4,0
873ef72c-8200-4794-bf8c-e8a62620d70a,3477438.49,3477438.49,0.0,0.0,3477438.49,31.84568,-102.36764,19.0,3,0
b7894340-0a8e-4d61-918f-660ce2a80fc1,59996.12,59996.12,0.0,0.0,0.0,40.64621,-73.97069,396.0,4,0
915decc9-c1f0-48c2-b609-64dc0ab9d905,1314660.84,1314660.84,0.0,0.0,1314660.84,42.24113,-88.3162,736.0,3,0
6217a040-9db6-4e29-952f-b6f7844c5d93,62898.81,62898.81,0.0,0.0,62898.81,37.95143,-91.77127,705.0,3,0
19f7df9c-a61d-4271-9a6d-f2036420185d,1139165.57,1139165.57,0.0,0.0,0.0,31.84568,-102.36764,362.0,4,0
a8671fe6-14a8-419d-98ea-dccc6c68c119,471906.6,471906.6,0.0,5930.71,477837.3,41.48199,-81.79819,485.0,3,0
df200895-fa29-481a-87ba-6bde318b1c9d,25616.71,25616.71,0.0,0.0,0.0,39.33427,-76.43941,491.0,4,0
c8603166-6a68-46a0-a476-ca669c353ece,335219.49,335219.49,0.0,0.0,0.0,47.4943,-122.24092,31.0,4,0
e7cd5204-08e3-4619-a737-964b31d206f6,197943.1,197943.1,0.0,0.0,197943.1,37.60876,-77.37331,495.0,3,0
d11bbb21-0520-45dd-af79-0b7057430ea0,3752520.6,3752520.6,0.0,1255946.49,5008467.09,39.09112,-94.41551,444.0,3,0
917c0826-616e-4979-afd6-377e4c5aef12,339275.64,339275.64,0.0,0.0,0.0,45.53929,-122.38731,51.0,4,0
08b27b80-990d-470e-b345-6516944bfe5f,3009125.59,3009125.59,0.0,46901.34,3056026.93,42.35843,-71.05977,687.0,3,0
c798f80e-a2d6-4877-827f-0ac70387bfed,2189170.39,2189170.39,0.0,0.0,0.0,40.72371,-73.95097,396.0,4,0
2353dd29-85b6-45f8-8cb1-a8f2dbc7df36,3097121.75,3097121.75,0.0,0.0,3097121.75,42.4251,-71.06616,64.0,3,0
3239cb8d-7dd2-48e2-902d-490e13a219a3,86002.09,86002.09,0.0,0.0,86002.09,36.61033,-88.31475999999999,613.0,3,0
3d7a44f3-3d00-4d21-b351-0ce254cb36a2,10000000.0,10000000.0,0.0,0.0,10000000.0,46.09273,-88.64235,411.0,3,0
38d02246-2452-4a95-a1ca-10c093658f46,13774.15,13774.15,0.0,0.0,0.0,33.76446,-117.79394,353.0,4,0
c0480096-fee3-4898-9517-3632d8f8bb1f,10000000.0,15674547.89,5674547.89,0.0,0.0,47.92526,-97.03285,741.0,4,0
a597fbf5-e53e-41d3-876b-e9f2c4741932,190100.29,190100.29,0.0,848487.62,1038587.91,30.16688,-96.39774,737.0,3,0
a66f8d66-6474-487c-8acd-7a9f6c6402cb,164502.06,164502.06,0.0,252850.62,417352.68,40.72816,-74.07764,284.00000000000006,3,0
12237865-3a46-4e97-ac43-d1203c6af8ef,4177467.46,4177467.46,0.0,0.0,4177467.46,33.95015,-118.03917,357.0,3,0
af21d580-b2ec-456c-ac26-052755ba3a12,1330802.24,1330802.24,0.0,151341.34,1515187.24,27.09978,-82.45425999999999,211.0,3,0
4db1017b-9b0e-4d2b-a5b4-376d1f9e954d,2772043.9,2772043.9,0.0,2985997.42,5758041.32,40.72371,-73.95097,675.0,3,0
85c7925e-1cba-4874-bd89-f0f1091e085f,806850.06,806850.06,0.0,0.0,0.0,34.63915,-120.45794,240.0,4,0
a83a6d21-29d9-4c9f-a9cf-5270522603a5,602807.17,602807.17,0.0,0.0,0.0,47.38093,-122.23484,289.00000000000006,4,0
be95a5fc-ab7d-4ac6-8c6d-59f980b8cbbe,108560.06,108560.06,0.0,0.0,108560.06,32.44874,-99.73314,403.0,3,1
f7286608-4946-4d2e-af4f-e11c9cc2b1cc,561446.32,561446.32,0.0,122622.57,684068.89,44.27804,-88.27205,726.0,3,0
d1ac9e0d-8e25-4f2c-aa87-be1b82ca2e3e,40388.58,40388.58,0.0,0.0,0.0,39.09112,-94.41551,330.0,4,0
79b1f128-e007-4bd6-8277-32b173ffac8c,346293.24,346293.24,0.0,0.0,0.0,25.67927,-80.31727,516.0,4,0
191c24c0-fa23-491a-9714-e25c30d77f9f,753723.54,753723.54,0.0,0.0,0.0,41.66394,-83.55521,323.0,4,0
cd4ebbe3-3398-4251-b524-6f2a500f30ae,3284197.88,3284197.88,0.0,0.0,0.0,47.92526,-97.03285,74.0,4,0
967ce4f4-c8ce-4274-988f-8b58b2ab1e31,703882.14,703882.14,0.0,0.0,0.0,39.00622,-77.4286,381.0,4,0
c7b2c594-4a51-4cd9-876b-e432d1e2da9b,135289.71,135289.71,0.0,120427.58,255717.29,40.65995,-111.99633,718.0,3,0
6abad73c-8be4-4f6b-b985-e175734ac4c1,253793.28,253793.28,0.0,525977.66,779770.94,41.8542,-87.66561,101.0,3,0
4bd11208-be11-47f2-a3d5-b241c300fc69,176776.55,176776.55,0.0,0.0,0.0,38.70734,-77.02303,438.0,4,0
e1d65802-96ad-4a27-921d-f479a9f6cd01,306675.37,306675.37,0.0,3566083.7,3872759.07,29.65163,-82.32483,599.0,3,0
aab8e3a6-4f68-46c6-844d-2b377f903156,86070.17,86070.17,0.0,0.0,0.0,40.65995,-111.99633,4.0,4,0
6b3d3fa3-c75f-440a-80f8-633e006e657c,2324907.08,2324907.08,0.0,0.0,0.0,30.17746,-81.38758,291.00000000000006,4,0
9ba2a0a8-5886-42c0-b80a-a298cd5ccff6,3049753.79,3049753.79,0.0,600657.15,3650410.94,34.142509999999994,-118.25508,707.0,3,0
00d12bc7-3bbe-469c-94cb-2133267364c7,162326.52,162326.52,0.0,0.0,0.0,30.17746,-81.38758,699.0,4,0
d4a35563-9d5f-41d0-9f2c-9ed27fce883a,158214.43,158214.43,0.0,1341496.75,1499711.18,29.84576,-90.10674,265.00000000000006,3,0
25790bb9-964d-422f-b0a9-6e92f4daa0fe,345802.34,345802.34,0.0,0.0,0.0,39.45621,-77.96389,186.0,4,0
78d0ac37-fcac-4b91-9e2e-289c8fd601d1,1832319.42,1832319.42,0.0,0.0,0.0,36.06523,-119.01677,14.0,4,0
13269327-d9a8-4ff2-ad99-b83f7a0431a2,2254718.25,2254718.25,0.0,123702.38,2378420.62,41.55838,-81.56929000000001,478.0,3,0
e093b5fb-53c5-4f16-81d1-0c8da9bec3fa,234853.95,234853.95,0.0,0.0,0.0,32.540440000000004,-82.90375,153.0,4,0
ffc215d0-1b05-4fbb-96a6-e25cc7130320,343972.5,343972.5,0.0,0.0,0.0,38.17492,-122.2608,696.0,4,0
a24db922-71f9-4d89-90b0-f4ad76e240dd,75734.99,75734.99,0.0,0.0,0.0,43.61062,-72.97261,352.0,4,0
13a43fe9-e2ec-49db-8420-b5dc3277c794,10000000.0,10000000.0,0.0,0.0,10000000.0,28.900540000000003,-81.26366999999999,387.0,3,0
125f505a-09f1-4df8-b2c3-df8c5af333bb,503620.99,503620.99,0.0,0.0,0.0,42.97086,-82.42491,494.0,4,0
053b6489-7e2c-452c-a925-808b94766f07,360688.3,360688.3,0.0,0.0,0.0,30.16688,-96.39774,38.0,4,0
ce74cd42-e969-42f5-96ce-9d510715b8bc,601494.61,601494.61,0.0,0.0,601494.61,32.9156,-117.14392,273.00000000000006,3,0
034cd8be-9d89-4376-802b-abf7d6abe48b,371771.44,371771.44,0.0,4665671.71,5037443.15,26.68451,-80.66756,398.0,3,0
192978fd-20ff-441f-a34e-ad36a4e89217,1822772.73,1822772.73,0.0,0.0,2004899.07,42.58342,-71.8023,370.0,3,0
2243d79b-d2e9-4a37-926f-0c0649814bf7,1562871.32,1562871.32,0.0,802340.28,2365211.6,40.81,-73.9625,116.0,3,0
0747ca4b-8624-4eda-aa20-ab5fbc61bdc0,1335959.76,1335959.76,0.0,73654.55,1409614.31,33.03699,-117.29198,150.0,3,0
cefdc767-9c9e-438b-8ed6-7a9587df3752,196561.69,196561.69,0.0,0.0,0.0,37.95143,-91.77127,261.00000000000006,4,0
55d308ef-d135-44bc-8953-d660afac6b17,1996.17,1996.17,0.0,2559.74,4555.92,39.33427,-76.43941,8.0,3,0
555b0fe2-05b4-4a19-80b2-1ae7cf46cfb6,2498370.12,2498370.12,0.0,0.0,0.0,42.97086,-82.42491,83.0,4,0
e2a7ebb7-1e99-4bc3-ae38-cbfc78c5a3ef,59835.0,59835.0,0.0,255480.76,315315.76,45.49428,-122.86705,10.0,3,0
596b10f0-9127-4c25-b6c1-eb8967d0a465,729078.34,729078.34,0.0,44848.47,773926.81,40.72371,-73.95097,636.0,3,0
c482b7cd-b9d7-42af-8b4a-83f0b78b480a,51589.87,51589.87,0.0,0.0,51589.87,32.42067,-104.22884,613.0,3,0
baf28410-2498-4757-8925-2ce10282d7b1,8276235.5,8276235.5,0.0,190006.69,8466242.19,33.03699,-117.29198,251.0,3,1
4a2255d0-34c5-4d78-a008-0b0e4ecd8419,5131896.17,5131896.17,0.0,302942.16,5434838.33,25.67927,-80.31727,212.0,3,0
f95e2c77-7ff6-4a9d-a40e-6381a15fde2a,10000000.0,10724264.21,724264.21,0.0,0.0,34.09611,-118.10583,414.0,4,0
06601879-35af-4eca-ba49-e38566dd8512,1312406.14,1312406.14,0.0,0.0,0.0,35.74788,-95.36969,531.0000000000001,4,0
ddc83c6e-2f49-422b-9951-ff60b6f6df27,829286.58,829286.58,0.0,178393.69,1007680.27,30.16688,-96.39774,478.0,3,0
67422336-c7a5-4f4f-818f-7b2f7731d672,43996.54,43996.54,0.0,0.0,0.0,36.06523,-119.01677,638.0,4,0
4b55edb0-e453-4429-ac56-c64c56dbe5b7,57543.34,57543.34,0.0,0.0,0.0,41.9001,-71.08977,733.0,4,0
08137f03-e1a9-44c9-818a-ae224aa4cae6,310712.71,310712.71,0.0,0.0,310712.71,45.16024,-93.08883,169.0,3,0
1fef8c8b-2871-473f-b328-138844fe7d72,1154353.99,1154353.99,0.0,162222.0,1965587.6,39.00622,-77.4286,9.000000000000002,3,0
507cca1e-914d-443b-b4db-968691551f6c,1980800.05,1980800.05,0.0,1779203.4,3760003.46,33.98154,-81.23621,81.0,3,0
809a9bf6-c2c6-4456-9676-12c3305d7672,122101.57,0.0,0.0,0.0,639940.2,41.16704,-73.20483,19.0,3,0
9275d833-40db-4c3a-8902-df29006bddda,107246.03,107246.03,0.0,0.0,0.0,40.64621,-73.97069,637.0,4,0
ad69f22e-bc3b-429b-80da-fc0dd9db78cf,3723738.06,3723738.06,0.0,3216391.21,6940129.27,39.09112,-94.41551,93.0,3,0
e21f3878-3051-4809-93c1-c47e36d46ffe,2554948.41,2554948.41,0.0,0.0,0.0,43.1009,-75.23266,276.00000000000006,4,0
8bd19298-a9d2-462b-a092-c7572258633a,108213.6,108213.6,0.0,3191417.38,3299630.98,39.45621,-77.96389,322.0,3,0
6812a765-1495-4a5a-8a74-2e218c1b146f,545780.7,545780.7,0.0,0.0,545780.7,32.44874,-99.73314,522.0000000000001,3,0
2c0f9b02-ee91-4dbe-86b0-39b6cad6b057,92641.52,92641.52,0.0,899062.84,991704.37,41.72059,-87.70172,566.0000000000001,3,0
c17c2027-4770-47a5-b524-d2f66fa722eb,379057.93,379057.93,0.0,79634.67,458692.6,47.4943,-122.24092,274.00000000000006,3,0
f0581496-79f8-43bd-af2b-e18dbc88a75f,814689.88,814689.88,0.0,0.0,0.0,33.7207,-116.21677,738.0,4,0
678fe3a9-2c5b-447d-ba0f-f89043f2b26c,8677.0,8677.0,0.0,0.0,0.0,32.52515,-93.75018,12.0,4,0
a69ee4cf-3328-4d47-b8a6-d18e6f6abfcc,976830.22,976830.22,0.0,0.0,976830.22,42.4251,-71.06616,172.0,3,0
dc589f78-9c61-4c9d-89f3-6ff438b8457c,1487505.07,1487505.07,0.0,0.0,0.0,36.91023,-121.75688999999998,442.0,4,0
9d318a8a-214b-451e-9b69-9fad98098858,1235544.92,1235544.92,0.0,1981608.99,3217153.91,38.70734,-77.02303,555.0000000000001,3,0
541da78e-dd74-4fc2-9aa3-abfd997d6ff6,177022.52,177022.52,0.0,769094.97,946117.49,41.8542,-87.66561,272.00000000000006,3,0
56d0bcfe-362c-4a8e-b1cb-5dce79cf902e,5999376.79,5999376.79,0.0,0.0,0.0,40.93121,-73.89875,523.0000000000001,4,0
f4499612-4407-40aa-b133-a8ebb2baeb0c,175313.96,175313.96,0.0,2911229.9,3086543.86,35.05266,-78.87836,93.0,3,0
21b3c110-c5e1-4303-988a-f47e5e122295,4737833.35,4737833.35,0.0,0.0,0.0,42.58342,-71.8023,406.0,4,0
932a0c9e-0f76-4299-964d-40bcaa40e80c,1743864.1,1743864.1,0.0,145959.55,1889823.65,41.55815,-73.0515,618.0,3,0
a4cdfc43-7684-42b2-be58-da7cad391d6f,872199.82,872199.82,0.0,0.0,0.0,31.76212,-95.63079,102.0,4,0
1bdcef80-f418-4759-8e77-f4d3e15a9ba4,346704.55,346704.55,0.0,0.0,0.0,36.91023,-121.75688999999998,22.0,4,0
bd9552a2-5146-42aa-a031-87ced82e0548,460689.45,460689.45,0.0,0.0,0.0,32.52515,-93.75018,400.0,4,0
bf7e55b1-b5e5-44eb-a350-37c5eb39d358,7188425.25,7188425.25,0.0,781697.03,7970122.27,32.44874,-99.73314,149.0,3,0
4f954c65-1212-4adc-8bb4-4233466011f1,104171.37,104171.37,0.0,64407.18,168578.56,27.718090000000004,-82.35176,466.0,3,0
ab63e2da-9a5f-4373-9ab3-378dc24bc897,89657.36,89657.36,0.0,0.0,0.0,44.73941,-93.12577,636.0,4,0
4b331a55-0930-426d-baa0-496532362dc7,1697093.54,1697093.54,0.0,248234.32,1945327.86,43.61062,-72.97261,160.0,3,0
181c8d01-114b-48fa-9360-0bc205491324,10000000.0,11653144.1,1653144.1,0.0,0.0,33.50921,-111.89903,370.0,4,0
0f90fb53-73c0-493b-a710-4adce7bce4e8,1152538.9,1152538.9,0.0,0.0,0.0,47.76232,-122.2054,730.0,4,0
794f9256-ad75-48c7-bb7e-8e767810d7db,2054631.55,2054631.55,0.0,0.0,0.0,37.60876,-77.37331,652.0,4,0
aebfa6d0-da06-46a6-abd5-617346653bb8,757422.83,757422.83,0.0,1557751.33,2315174.16,33.76446,-117.79394,270.00000000000006,3,0
0c5fc8ff-a1a2-426a-813d-ac8a9cc31718,8730600.58,8730600.58,0.0,256439.26,8987039.84,30.16688,-96.39774,658.0,3,0
9f8fd9f7-da67-4ed9-a5e0-6f5c4bceed13,786573.0,786573.0,0.0,0.0,786573.0,26.2173,-80.22588,336.0,3,0
137e767e-8a0f-46b9-9745-587d7b4fe50d,20111.45,20111.45,0.0,0.0,0.0,33.52253,-117.70755,475.0,4,0
db80a026-7661-4f71-a99d-ee82bc65ce80,330218.85,330218.85,0.0,0.0,0.0,39.71734,-74.96933,380.0,4,0
39a6c93c-e770-43e5-823f-e0d0faae3cb2,1649818.97,1649818.97,0.0,560704.68,2210523.64,41.8542,-87.66561,44.0,3,0
9f53b03f-9e24-45cb-93b6-0c357ad57086,1064425.7,1064425.7,0.0,3187812.57,4252238.26,26.91756,-82.07842,588.0,3,0
ebbde903-7931-4ac6-97bf-56d7f12361f7,9198459.96,9198459.96,0.0,258747.84,15173859.31,26.18924,-98.15529,330.0,3,0
02b9eb8d-11f8-4da2-a167-8e98c8e91a48,3309631.1,3309631.1,0.0,0.0,0.0,41.72059,-87.70172,349.0,4,0
0872047c-08eb-4c09-946d-cdf2e71c0b6f,337974.21,337974.21,0.0,0.0,337974.21,38.91817,-78.19444,48.0,3,0
0be6caf0-a293-4282-aeff-d690b778f79d,931684.75,931684.75,0.0,0.0,0.0,34.09668,-117.71978,53.0,4,0
0883ffa2-b65a-4a41-bc7a-312413689770,3244067.13,3244067.13,0.0,0.0,0.0,46.09273,-88.64235,365.0,4,0
549ccfc0-0c63-4e30-abb6-052bedba5c18,1494831.65,1494831.65,0.0,0.0,1494831.65,33.76446,-117.79394,179.0,3,0
fc56d07d-063c-4171-a7ee-aba763d4d79c,2745923.02,2745923.02,0.0,3749390.59,6495313.61,41.66394,-83.55521,131.00000000000003,3,0
3d8431f5-4283-4010-a019-64e04a9d8d31,2485467.28,2485467.28,0.0,0.0,0.0,41.57721,-93.71133,214.0,4,0
efe49146-855d-4989-9416-d8a969bd497f,1777758.65,1777758.65,0.0,0.0,1777758.65,42.58342,-71.8023,591.0,3,0
03be7e5e-e76a-40e3-9544-245d42ad7f22,2232667.51,2232667.51,0.0,0.0,0.0,26.2173,-80.22588,173.0,4,0
9178fde9-593f-4715-a157-58586edf3de0,115461.48,115461.48,0.0,21619.28,137080.75,34.63915,-120.45794,87.0,3,0
85ea59cb-7d90-4c9e-893a-edea61e51b88,2082884.49,2082884.49,0.0,0.0,0.0,32.5007,-94.74049,612.0,4,0
a608a43a-3b44-4878-9cb5-ff75ad12f629,4690769.98,4690769.98,0.0,0.0,0.0,40.72816,-74.07764,465.0,4,0
e25f0502-07af-479f-9760-a0fe5ca7e00c,37133.63,37133.63,0.0,0.0,0.0,43.91452,-69.96533000000001,107.0,4,0
1ea015e3-50a3-470f-bbb7-a406c9c24688,657417.64,657417.64,0.0,0.0,657417.64,36.02506,-86.77917,241.0,3,0
ae2267de-26cf-4e83-9d0e-c61cf232869f,813133.35,813133.35,0.0,0.0,813133.35,34.25628,-78.04471,66.00000000000001,3,0
9cac3c39-0d1f-49d4-8ac1-56dca00db551,493538.8,493538.8,0.0,341590.52,835129.32,30.17746,-81.38758,610.0,3,0
407e63f9-3832-4fa4-a70b-b731ec842f49,5979556.06,5979556.06,0.0,0.0,5979556.06,42.24113,-88.3162,37.0,3,0
153d8230-fac0-4693-bdec-8af958be9018,34099.1,34099.1,0.0,0.0,34099.1,41.57721,-93.71133,320.0,3,0
3dce0621-9493-49c0-8608-ab8ebdcd5c4b,1028515.56,1028515.56,0.0,0.0,0.0,36.208290000000005,-115.98391,498.0,4,0
ae2c97e0-51b8-4a2d-8289-1ea1062982f4,329156.43,329156.43,0.0,0.0,329156.43,41.72059,-87.70172,209.0,3,0
74d5fcfd-f747-45b5-80a6-ec1a38142ba8,608290.12,608290.12,0.0,0.0,0.0,37.71715,-122.40433,312.0,4,0
fe771c19-8128-4c4d-95ed-59c7d3d9dd9e,161016.65,161016.65,0.0,92806.24,253822.89,41.0051,-73.78458,572.0000000000001,3,0
083eab47-1962-4ded-bf1a-5001e82f8f56,211628.75,211628.75,0.0,0.0,0.0,42.16808,-88.42814,222.0,4,0
dfe713c5-8bd8-4707-a4ce-b3bae81db2e0,2144208.23,2144208.23,0.0,0.0,0.0,41.50343,-74.01042,204.0,4,0
99949cc8-411d-4a85-bb97-aef67d835565,106460.7,106460.7,0.0,0.0,0.0,40.94065,-73.99681,67.00000000000001,4,0
5044fefb-ac5e-4324-82db-c0fe9961817d,1214511.61,1214511.61,0.0,0.0,0.0,39.33427,-76.43941,493.0,4,0
8f274624-a043-410a-a244-36cd33241dfc,204721.27,204721.27,0.0,0.0,0.0,37.60876,-77.37331,596.0,4,0
f9fd54e3-7e1b-4952-b1cd-86071dd2e32f,886588.02,886588.02,0.0,0.0,0.0,33.35283,-111.78903,93.0,4,0
64c675c8-c687-41bc-ba51-dd07da15274d,113336.41,113336.41,0.0,0.0,0.0,42.30865,-83.48216,666.0,4,0
cbb7e762-b3b4-4af2-873f-3d5addf00186,692743.57,692743.57,0.0,0.0,0.0,38.96372,-76.99081,552.0000000000001,4,0
2eaf243f-f5b8-4929-8deb-f60dee8354a2,2052851.64,2052851.64,0.0,0.0,0.0,41.14676,-73.49484,306.0,4,0
cbb7b219-5808-449f-9052-d37011aa0758,40413.81,40413.81,0.0,0.0,0.0,39.08367,-84.50855,105.0,4,0
2b430df8-0eb4-42fb-820d-d58c5b65951b,888905.27,888905.27,0.0,220392.44,1109297.71,33.98154,-81.23621,673.0,3,0
ca91fafe-8d8d-43df-aaa2-cd1081cd725f,37100.29,37100.29,0.0,433212.41,470312.7,45.53929,-122.38731,22.0,3,0
ac942249-039f-43d7-8f40-70eb86dc7213,10000000.0,13441041.46,3441041.46,0.0,0.0,40.2737,-76.88441999999999,671.0,4,0
f4fa259f-679e-4cd0-89c8-7937f6d576de,298365.86,298365.86,0.0,0.0,0.0,35.61452,-88.81395,422.0,4,0
86a33591-cfd1-4e0b-93f0-a76f6297cb46,11481.0,11481.0,0.0,0.0,263492.28,43.91452,-69.96533000000001,18.000000000000004,4,0
227067f2-3028-4103-8a37-34e5a05c79f8,120074.73,120074.73,0.0,0.0,0.0,41.16704,-73.20483,5.0,4,1
fd979759-7bd6-40a3-924e-885631437030,100109.03,100109.03,0.0,0.0,100109.03,47.64995,-117.23991,134.00000000000003,3,0
c561e18d-2888-4f7f-9b8c-a87d51ab0267,2011285.35,2011285.35,0.0,0.0,0.0,41.6764,-91.58045,605.0,4,0
c7c547fa-0786-473e-98da-e2e9278312ef,248123.95,248123.95,0.0,0.0,0.0,35.05266,-78.87836,376.0,4,0
ff3d3a06-0a79-400b-87a9-7bc565735f55,404394.04,404394.04,0.0,0.0,0.0,28.15112,-82.46148000000001,705.0,4,0
490fc181-1764-40d7-ad94-6d5b7925306f,388171.95,388171.95,0.0,0.0,388171.95,40.2737,-76.88441999999999,608.0,3,0
931b53c7-4b1b-428a-af84-18df088dcca8,20296.68,20296.68,0.0,129269.88,149566.56,45.53929,-122.38731,481.0,3,0
a4d5c629-b4a9-460c-b016-7d4804094816,128572.96,128572.96,0.0,196488.42,325061.38,37.71715,-122.40433,205.0,3,0
3d9950c1-686d-4b33-a5e1-cea7e0406b52,10224.0,10224.0,0.0,0.0,10224.0,32.42067,-104.22884,6.0,3,0
95810b8c-4bce-4761-ae85-b8730ee91534,4559921.56,4559921.56,0.0,2781040.95,7340962.51,30.16688,-96.39774,391.0,3,0
60d71d3b-3af8-4bc1-9078-6c5bc826f9bd,10000000.0,10000000.0,0.0,0.0,10000000.0,42.4251,-71.06616,279.00000000000006,3,0
7a1322cc-34b5-497b-9534-ab46711933a9,4525901.25,4525901.25,0.0,0.0,0.0,29.65163,-82.32483,390.0,4,0
909c1921-a6be-4c87-955d-9f564e490789,123259.24,123259.24,0.0,0.0,0.0,37.60876,-77.37331,725.0,4,0
312baa53-fd97-4d28-85cd-89c5ef26593d,1064995.85,1064995.85,0.0,0.0,0.0,43.1009,-75.23266,475.0,4,0
11938cb6-f4e2-4632-a31d-9f4dada5af87,951451.17,951451.17,0.0,1430666.86,2382118.03,40.56754,-89.64066,523.0000000000001,3,0
45790206-0e23-4833-9535-b788206820bd,2626957.79,2626957.79,0.0,882527.7,3509485.49,47.64995,-117.23991,624.0,3,0
81fb2ab0-c888-48d5-8449-2e9d9519efb1,215299.28,215299.28,0.0,0.0,0.0,41.84364,-87.71255,634.0,4,0
4b3f52f8-bc9d-4b2d-90bd-8069967db130,265747.73,265747.73,0.0,0.0,265747.73,41.55838,-81.56929000000001,190.0,3,0
367825bf-6656-4ce2-b80c-b798b08e8aa0,3523089.46,3523089.46,0.0,0.0,0.0,40.72816,-74.07764,109.0,4,0
92fb9376-22d8-47aa-b3a3-db4009adb862,18887.0,18887.0,0.0,0.0,0.0,41.27621,-72.86843,39.0,4,0
5c494dda-c64f-4197-a2a1-ced6a86c9979,2221683.68,2221683.68,0.0,0.0,0.0,40.34912,-111.90466,122.0,4,0
fbba94bd-5529-462f-b146-82382341e950,487572.45,487572.45,0.0,0.0,0.0,41.80753,-87.65644,239.0,4,0
6104bee7-9ab5-4f75-988a-b8f1de00e1f5,1932200.59,1932200.59,0.0,0.0,0.0,33.03699,-117.29198,56.0,4,0
a4a3efaf-1b10-426a-b617-ce4f3e53a216,7078157.11,7078157.11,0.0,0.0,0.0,41.75338,-86.11084,494.0,4,0
434c955e-d1b6-4ba1-917d-3860c90052ed,176626.77,176626.77,0.0,0.0,0.0,33.92946,-116.97725,569.0000000000001,4,0
94935041-afbc-40f4-a6f9-647b6cfd64bf,12619.29,12619.29,0.0,204470.03,217089.31,40.56754,-89.64066,73.0,3,0
68eaa4e5-a1bf-4330-958c-59cb1d4b45fa,435166.65,435166.65,0.0,449215.85,884382.5,40.63316,-74.13653000000001,43.0,3,0
8a8858b1-f9bd-4f0e-b982-b045602ddcf5,4713935.64,4713935.64,0.0,0.0,0.0,32.52515,-93.75018,315.0,4,0
d29433f2-9b97-4623-a171-4c0a43d64fa2,2230432.56,2230432.56,0.0,0.0,0.0,47.92526,-97.03285,273.00000000000006,4,0
e3bbd591-dc7b-4688-a647-d2c770749192,1052668.73,1052668.73,0.0,0.0,0.0,34.216390000000004,-119.0376,217.0,4,0
15879cfb-2019-4860-bb0f-f368760160fd,91882.6,91882.6,0.0,144354.61,236237.2,30.17746,-81.38758,701.0,3,0
912f9165-f921-43f5-ac2a-dfd2a49b8dfa,2784.51,2784.51,0.0,0.0,0.0,30.16688,-96.39774,380.0,4,0
3b4efb61-4eeb-474f-bdfd-00bfbaeca02b,2044841.02,2044841.02,0.0,0.0,0.0,38.06084,-97.92977,187.0,4,0
c9d1fbed-1ad6-42a7-ac1d-278f5a10b56b,381247.3,381247.3,0.0,0.0,0.0,43.91452,-69.96533000000001,596.0,4,0
5aecfbdb-e095-4657-8e05-b414ff3db16c,205163.3,205163.3,0.0,0.0,0.0,34.258070000000004,-88.70464,371.0,4,0
d142606e-3977-4d4a-bedb-bd022ef6ab18,283429.1,283429.1,0.0,1110.49,284539.58,33.95015,-118.03917,354.0,3,0
1ec6cc49-38ef-4cea-a523-1fd638edee64,216179.15,216179.15,0.0,0.0,0.0,26.18924,-98.15529,205.0,4,0
ae3cf359-638a-496c-938a-df9742708327,10000000.0,12629417.41,2629417.41,0.0,0.0,35.88264,-80.08199,541.0000000000001,4,0
a0f2d1bb-50d5-4a00-9282-0f6cb03751cf,10000000.0,10000000.0,0.0,0.0,10000000.0,41.54566,-71.29144000000001,702.0,3,0
a41d0d06-5b42-4bc5-8b8e-d8af5f6ce2d1,850530.59,850530.59,0.0,0.0,0.0,45.16024,-93.08883,306.0,4,0
e44a1f34-71c8-4416-9183-b8e7dbbb8a60,227994.78,227994.78,0.0,0.0,0.0,41.9001,-71.08977,660.0,4,0
1e43aa20-a64c-44c8-9fb9-64e563f70ac4,1783144.33,1783144.33,0.0,0.0,0.0,33.44872,-86.78777,41.0,4,0
938ec02c-e460-43f7-9c22-1cb3ef21e89b,802483.88,802483.88,0.0,0.0,802483.88,33.54428,-84.23380999999999,590.0,3,0
dbb6a214-9cab-4659-a6b3-10a60166ad78,680224.41,680224.41,0.0,0.0,0.0,45.0408,-93.263,388.0,4,0
a6a150dd-2c0e-44f9-84e5-8b7a5c95706c,850002.52,850002.52,0.0,6510099.11,7360101.63,46.32374,-120.00865,743.0,3,0
927f12c5-6eae-41ee-a517-e54ef93091bb,101903.69,101903.69,0.0,0.0,0.0,42.4251,-71.06616,92.0,4,0
ddbf960e-7112-403f-9ec0-ee7ac59d4bd0,3062506.58,3062506.58,0.0,0.0,3062506.58,41.15376,-87.88754,128.0,3,0
2ad99ce0-a19e-41f0-b453-7b66ae3ef0bb,740124.95,740124.95,0.0,0.0,0.0,30.16688,-96.39774,652.0,4,0
aa2b3b7e-b5b1-4fa0-873b-eda50e17555e,266351.6,266351.6,0.0,0.0,0.0,35.250640000000004,-91.73625,193.0,4,1
7f7d824d-6448-4b1f-b05a-15204236cb71,322991.82,322991.82,0.0,0.0,0.0,45.16024,-93.08883,317.0,4,0
4055ee94-0e0c-4c0d-8aa5-bf9fbbaa5ff4,103368.58,103368.58,0.0,0.0,103368.58,46.09273,-88.64235,193.0,3,0
374eb01b-2f60-4e60-a406-906927d4f460,110528.53,110528.53,0.0,0.0,0.0,38.06084,-97.92977,656.0,4,0
d0717786-65c5-4d69-a597-4d7e3a17e825,174107.36,174107.36,0.0,3873738.68,4047846.04,33.98154,-81.23621,694.0,3,0
f29fbd74-c043-4322-9c08-accb47e88ca4,71693.42,71693.42,0.0,0.0,0.0,38.91817,-78.19444,34.00000000000001,4,0
a28c8e4f-cec6-494a-9c92-0e1cb5350d57,70696.74,70696.74,0.0,90517.55,161214.29,40.72371,-73.95097,256.0,3,0
c08edd62-e84a-4cc8-9ddb-1804af19c057,848134.57,848134.57,0.0,0.0,0.0,38.06084,-97.92977,516.0,4,0
cf50fc4a-d955-4b40-9345-336113673a41,44577.32,44577.32,0.0,0.0,0.0,39.32011,-76.51552,626.0,4,0
ff9789cc-d9f2-439f-8c2f-27c3c94d9bc4,70382.18,70382.18,0.0,999649.42,1070031.6,38.91817,-78.19444,405.0,3,0
6435d49a-8f8f-486f-88b6-4a4d51f876b1,701697.49,701697.49,0.0,680160.57,1381858.06,31.76212,-95.63079,692.0,3,0
f46c28c0-66b2-4698-b337-c4911ae07365,5052211.09,5052211.09,0.0,0.0,0.0,41.14676,-73.49484,274.00000000000006,4,0
39b67a44-dc7f-44b5-99f8-ca21e3a765e4,21574.55,21574.55,0.0,0.0,21574.55,34.06635,-84.67837,92.0,3,0
926b9a97-a161-496a-84d8-90924c1a4a68,59677.48,59677.48,0.0,0.0,0.0,39.32288,-76.72803,732.0,4,0
79f13e68-9960-4d26-9e3d-53c3819b4222,676913.69,676913.69,0.0,0.0,0.0,43.16547,-77.70066,688.0,4,0
7d9dd9dd-7a0f-4021-83e5-41d7da35d618,319208.14,319208.14,0.0,0.0,0.0,39.00622,-77.4286,175.0,4,0
2572e36c-34c2-4d7f-bda3-817836234e85,330756.72,330756.72,0.0,251495.1,582251.83,33.41012,-91.06177,672.0,3,0
5f7ffa18-2a93-4b32-ac2e-8c4c53729e26,48605.54,48605.54,0.0,1263443.51,1312049.05,33.76446,-117.79394,637.0,3,0
1c0e964c-481e-498b-b4a5-6121b035d4eb,810039.19,810039.19,0.0,409035.12,1219074.31,36.91023,-121.75688999999998,75.0,3,0
9b6d4f7a-db42-4994-aba0-67403072a5b0,1036789.41,1036789.41,0.0,0.0,0.0,41.47892,-87.45476,70.00000000000001,4,0
c03269d1-f302-4e0c-987d-b7d0d56bd167,58058.98,58058.98,0.0,822974.58,881033.56,41.8542,-87.66561,460.0,3,0
1f8c12ee-16dd-4510-9277-cb7ca21a08cb,1085637.56,1085637.56,0.0,0.0,1085637.56,37.52487,-77.55776999999999,310.0,3,0
714bc052-f8a3-418c-b938-48428860ba3b,107128.17,107128.17,0.0,0.0,0.0,43.16547,-77.70066,489.0,4,0
bdba1eae-c57e-420e-b1e0-65ae9eae7cea,12855.05,12855.05,0.0,0.0,0.0,35.88264,-80.08199,249.0,4,0
ecf8e830-6084-4235-9e7a-a3b0d799b45d,4448598.93,4448598.93,0.0,0.0,0.0,27.718090000000004,-82.35176,244.0,4,0
65b91ab4-574b-42e6-93b6-1288f3737e71,563149.41,563149.41,0.0,65562.72,628712.13,33.44872,-86.78777,370.0,3,0
d0530c9b-82ab-46a9-b0fc-c827f7cd6462,112958.85,112958.85,0.0,159150.2,272109.05,28.900540000000003,-81.26366999999999,565.0000000000001,3,0
b807a515-d6c0-4512-8b1d-2f2740ab19b1,60274.87,60274.87,0.0,0.0,0.0,40.82232,-74.15987,438.0,4,0
1855b2fb-985c-4285-9f39-96c9b1028632,1085637.56,1085637.56,0.0,0.0,0.0,41.55815,-73.0515,310.0,4,0
4140065a-83e0-43cc-b47f-b90e1459f826,148680.12,148680.12,0.0,0.0,0.0,44.27804,-88.27205,530.0000000000001,4,0
b1ac60ab-ec87-4a88-91c1-3d9375c1d0d6,592615.53,592615.53,0.0,3898705.9,4491321.43,29.65163,-82.32483,262.00000000000006,3,0
4079104c-ded4-4fe0-9aa0-e441f3cd8f21,2326251.51,2326251.51,0.0,37662.1,2363913.61,26.18924,-98.15529,230.0,3,1
ee0c2111-f0ec-4c8a-94ce-69c62097147e,77710.4,77710.4,0.0,0.0,0.0,36.208290000000005,-115.98391,399.0,4,0
b9a9d71d-0243-4f12-81a1-81e0dee90ee7,29637.03,29637.03,0.0,0.0,0.0,33.50921,-111.89903,531.0000000000001,4,0
605a1462-5ea7-482a-8374-972b5aa186e6,1891921.94,1891921.94,0.0,66224.04,1958145.98,28.15112,-82.46148000000001,362.0,3,0
4ad8161c-131b-4499-abf8-59ae5dc88963,61856.83,61856.83,0.0,0.0,61856.83,41.72059,-87.70172,263.00000000000006,3,0
dab73a7c-42b7-4daa-8c0e-d799ad71f473,10000000.0,19749042.95,9749042.95,0.0,0.0,39.96097,-75.60804,718.0,4,0
dcc0227b-b8ed-4635-ac29-dd4f378b4039,1861928.35,1861928.35,0.0,0.0,0.0,26.68451,-80.66756,333.0,4,0
b490e96a-5523-42cf-a334-9bfc83b0d045,10000000.0,22542664.27,12542664.27,0.0,0.0,41.8542,-87.66561,617.0,4,0
e4d54571-1034-4261-934a-32de8ccd31f1,6392800.85,6392800.85,0.0,337849.17,6730650.03,40.2737,-76.88441999999999,531.0000000000001,3,0
a76220d4-946f-484b-bdd6-00acd2770388,8383.17,8383.17,0.0,0.0,0.0,45.53929,-122.38731,25.0,4,0
ef449cc5-836a-4da2-95e1-df2636fa44f2,640648.06,640648.06,0.0,0.0,0.0,34.142509999999994,-118.25508,350.0,4,0
123e7298-be19-4300-9bea-dfafafd8593c,3890627.92,3890627.92,0.0,0.0,0.0,31.12406,-97.90308,427.0,4,0
2bfa923f-bc8a-4061-a04b-81d0e676a509,459.38,459.38,0.0,277498.02,277957.4,41.54566,-71.29144000000001,684.0,3,0
49068090-b666-4509-9eed-f2c51dec09e2,1564952.45,1564952.45,0.0,0.0,1564952.45,41.66394,-83.55521,282.00000000000006,3,0
c4993c58-f38a-4d9a-a4be-67693d30ae46,1648547.69,1648547.69,0.0,52864.15,1701411.84,40.56754,-89.64066,438.0,3,0
e997458b-edc6-4f44-bbbf-6a799bd5dc30,10000000.0,10000000.0,0.0,8496.86,10008496.86,29.84576,-90.10674,409.0,3,0
aff843d2-e9fa-4be5-bef6-5cd031354863,828720.89,828720.89,0.0,9142622.59,10184336.54,44.73941,-93.12577,16.0,3,0
b46e43dd-d9ad-49a3-b385-2a794a4ac1a5,130777.09,130777.09,0.0,0.0,130777.09,38.70734,-77.02303,651.0,3,0
083678a7-25e3-476f-ac6f-71d8024ad809,127528.92,127528.92,0.0,0.0,127528.92,40.56754,-89.64066,341.0,3,0
91601af2-8383-4cce-8b57-1abe30ecd4bd,1632500.22,1632500.22,0.0,0.0,0.0,41.6764,-91.58045,579.0000000000001,4,0
7a347286-8f15-4537-9321-51f1ef4dfb11,4640633.37,4640633.37,0.0,0.0,4640633.37,40.81,-73.9625,464.0,3,0
dcf6c174-5ed2-4407-b7e9-1914cb2a01ec,99139.27,99139.27,0.0,28766.55,127905.82,38.70734,-77.02303,53.0,3,0
295b5fc1-cfa3-4ac1-8244-fe593702e4fb,799517.33,799517.33,0.0,67824.14,867341.47,42.97086,-82.42491,479.0,3,0
e831bf8c-e02d-4f9d-8749-d8293241c4b8,5800988.12,5800988.12,0.0,0.0,0.0,34.77453,-96.67834,68.00000000000001,4,0
0f03cbc3-b584-4608-ae79-05bfe1890732,1220.8,1220.8,0.0,338688.89,339909.69,38.96372,-76.99081,212.0,3,0
f7b93c45-aa1e-49c3-9d02-fd480a006167,53107.96,53107.96,0.0,0.0,0.0,41.24255,-82.61573,485.0,4,0
90934d42-0d28-4232-be22-96235a64aab7,10000000.0,10390763.24,390763.24,0.0,0.0,39.72943,-104.83192,714.0,4,0
d809ee29-b90c-4595-9a17-a42b8b70af6f,684796.16,684796.16,0.0,0.0,0.0,41.85059,-87.882,73.0,4,0
b840b449-8691-4fb1-839d-143eb1ea4897,585511.14,585511.14,0.0,67757.07,653268.21,41.72059,-87.70172,192.0,3,0
7da7ab8b-2562-4681-8b88-7f56e2a0d244,21571.0,21571.0,0.0,0.0,0.0,38.91817,-78.19444,7.0,4,0
171ba71b-16d0-4317-9dd7-58512082a73e,192765.49,192765.49,0.0,0.0,0.0,42.933690000000006,-72.27814000000001,59.0,4,0
fd039fa4-04f0-40bc-ba8d-f4c1b96f8f2b,2100951.58,2100951.58,0.0,0.0,2100951.58,47.92526,-97.03285,555.0000000000001,3,0
673e3241-747a-4b2f-803d-a05c227a7fb8,162326.52,162326.52,0.0,0.0,162326.52,43.1009,-75.23266,699.0,3,0
4524c62d-160e-4c26-81eb-6ab6679c4044,4257337.62,4257337.62,0.0,0.0,0.0,31.12406,-97.90308,402.0,4,1
d6260c95-a896-4564-99dd-a3f17dd9531d,1348095.12,1348095.12,0.0,0.0,1348095.12,26.91756,-82.07842,313.0,3,0
0d2fce26-825f-4a4d-a1eb-e41b238294ab,13774.15,13774.15,0.0,3269410.95,3283185.1,47.92526,-97.03285,353.0,3,0
3256e2d2-e991-4494-8382-b1603c147331,2392482.86,2392482.86,0.0,0.0,0.0,36.208290000000005,-115.98391,277.00000000000006,4,0
192cab6c-4db1-4363-9292-d67575ce7b1f,195562.98,195562.98,0.0,0.0,0.0,41.16704,-73.20483,578.0000000000001,4,0
e48f4cc0-4958-45ea-9a6f-021d75514019,296186.51,296186.51,0.0,668223.65,964410.16,34.142509999999994,-118.25508,482.0,3,0
ca8f9444-35d6-46a4-94ad-1b3c4138507a,98634.75,98634.75,0.0,0.0,0.0,33.35283,-111.78903,173.0,4,0
7ee64903-9801-40c6-9bc5-e00dcc099e50,3996798.71,3996798.71,0.0,0.0,0.0,28.900540000000003,-81.26366999999999,212.0,4,0
7d9c5274-9ada-483a-9845-1cc5f917a212,32830.82,32830.82,0.0,1064994.15,1097824.97,41.57721,-93.71133,189.0,3,0
816e86f0-2439-445a-b23b-edf82463c285,1777758.65,1777758.65,0.0,0.0,0.0,34.216390000000004,-119.0376,591.0,4,0
69e6e5c4-334f-4ff3-a67d-6cba2e2b5bed,100840.93,100840.93,0.0,0.0,0.0,41.9001,-71.08977,439.0,4,0
6c105a76-651a-4e75-8e21-053c7ab3675d,22402.21,22402.21,0.0,0.0,0.0,40.68066,-73.47429,342.0,4,0
a975231d-d7c9-47cc-9570-be2887b04bbf,3595911.39,3595911.39,0.0,82970.96,3678882.35,41.47892,-87.45476,111.0,3,0
4f3a0cd3-8a7a-4c58-bfab-90fa10cecd9e,134297.68,134297.68,0.0,0.0,0.0,26.2173,-80.22588,395.0,4,0
8b1697a1-1d12-4d9c-810f-a2b24dee6cec,306213.63,306213.63,0.0,0.0,0.0,43.1009,-75.23266,192.0,4,0
6c523a01-3c79-46b4-a164-55324b19ffa4,1566057.28,1566057.28,0.0,0.0,0.0,34.09611,-118.10583,42.0,4,0
5f784582-8026-4283-a34d-e36e34562063,113921.02,113921.02,0.0,0.0,113921.02,34.25628,-78.04471,383.0,3,0
3994b07f-eb71-4446-b790-1e5727a3bf78,64202.85,64202.85,0.0,0.0,0.0,41.6764,-91.58045,647.0,4,0
6968118c-c47e-4234-91ba-120a75e8f429,120582.86,120582.86,0.0,322996.71,443579.57,32.52515,-93.75018,658.0,3,0
28376022-35dc-4e11-bd36-9d0037f82c7c,177925.98,177925.98,0.0,0.0,0.0,42.55308,-87.93341,489.0,4,0
3b581f91-7b08-4df5-b951-5899e9f555a8,26950.06,26950.06,0.0,0.0,0.0,33.35283,-111.78903,40.0,4,0
50770902-a2fd-4aa5-bca0-428d44e67465,429359.76,429359.76,0.0,0.0,0.0,37.95143,-91.77127,731.0,4,0
e65df9b8-53bd-4ae2-87b4-700576faf9c9,152724.32,152724.32,0.0,0.0,0.0,38.96372,-76.99081,671.0,4,1
01ad698e-44f8-40bd-8005-cbd927ff05f8,2815.61,2815.61,0.0,64348.28,67163.9,42.97086,-82.42491,191.0,3,0
6a7a3aec-6591-4566-9296-6aed94450251,310712.71,310712.71,0.0,0.0,0.0,35.250640000000004,-91.73625,169.0,4,0
b27fdf17-79df-4ab9-9add-14c925cf2226,3070709.95,3070709.95,0.0,0.0,0.0,40.81,-73.9625,380.0,4,0
d5a19913-54f5-4230-be91-812ac1f4fa98,3608191.52,3608191.52,0.0,41219.64,3649411.15,41.54566,-71.29144000000001,180.0,3,0
a8851d23-a012-4943-9dfa-14547ad13127,3011102.29,3011102.29,0.0,1925102.87,4936205.15,40.63316,-74.13653000000001,341.0,3,0
ead9849a-99f0-4494-992d-8676764422ef,1462355.44,1462355.44,0.0,1544724.84,3007080.29,30.17746,-81.38758,34.00000000000001,3,0
b2dd6c4d-739f-40da-8c2c-a749a030a647,70173.64,70173.64,0.0,0.0,0.0,41.14676,-73.49484,294.0,4,0
beca5d18-4281-4990-94bf-bbbd8a5e047b,146908.38,146908.38,0.0,0.0,0.0,36.02506,-86.77917,522.0000000000001,4,0
21a4d1f4-c895-43f7-847f-260918196b3f,57512.29,57512.29,0.0,0.0,0.0,41.15376,-87.88754,133.00000000000003,4,0
37b44779-a353-4e55-9405-561619d96352,807278.78,807278.78,0.0,0.0,0.0,42.97086,-82.42491,440.0,4,0
1d79e9e8-8b8e-4afe-9bff-a280210a1edc,253498.36,253498.36,0.0,3221753.01,3475251.37,41.85059,-87.882,97.0,3,0
d69e5e49-4185-4e30-8f51-6ab9bd1927b7,372703.48,372703.48,0.0,0.0,0.0,26.91756,-82.07842,712.0,4,0
d12df51a-d0c7-45b7-a16d-02657e808530,10000000.0,10000000.0,0.0,0.0,10000000.0,27.718090000000004,-82.35176,260.00000000000006,3,0
0ce85f3e-6fa4-4009-86ea-daaa32618fa5,210691.92,210691.92,0.0,93393.33,304085.25,41.24255,-82.61573,234.0,3,0
9d539d88-b646-4abe-aaa2-79a005b57754,1273674.05,1273674.05,0.0,0.0,0.0,39.96097,-75.60804,98.0,4,0
026508e3-5042-4c7a-a06f-33d569c48120,155799.82,155799.82,0.0,0.0,0.0,39.43534,-84.20299,365.0,4,0
1185f24c-f328-4f94-92cd-bd71bf8e79c7,277582.53,277582.53,0.0,0.0,0.0,40.63316,-74.13653000000001,604.0,4,0
4f886b46-8819-4894-aff7-a24a60053092,966222.5,966222.5,0.0,331251.33,1297473.83,45.53929,-122.38731,114.0,3,0
0789f5c1-3465-48b6-b04f-c7d43fa9edc7,367364.8,367364.8,0.0,43049.23,410414.03,40.58654,-122.39168,437.0,3,0
fd65ba5e-7f25-457d-bf9b-4fa13662c7dd,1258818.82,1258818.82,0.0,0.0,0.0,30.16688,-96.39774,743.0,4,0
d2830a36-f3ff-4359-b367-34241072b913,184588.59,184588.59,0.0,0.0,0.0,43.16547,-77.70066,406.0,4,0
8b22a396-fac1-4b73-a7ab-13b29ad496cc,10000000.0,10000000.0,0.0,0.0,10000000.0,37.73604,-120.93549,414.0,3,0
becb4302-5c7f-4f2f-98f0-913d6f086bea,111467.61,111467.61,0.0,0.0,0.0,39.43534,-84.20299,557.0000000000001,4,0
2a9ffe9f-6ea3-4543-ad45-d3275cce8ecd,10000000.0,10000000.0,0.0,0.0,10000000.0,43.54072,-116.56346,671.0,3,1
a8aca779-30dd-4edd-89b9-feab31b59eef,70753.9,70753.9,0.0,0.0,0.0,34.09668,-117.71978,274.00000000000006,4,0
9049d0eb-66d4-4d6a-9650-e2964345d21f,7576324.61,7576324.61,0.0,0.0,7576324.61,32.52515,-93.75018,483.0,3,0
5ff54422-4a59-4da3-9b07-87981cad8e6e,1064425.7,1064425.7,0.0,0.0,0.0,26.68451,-80.66756,588.0,4,0
764213df-fe6a-49b4-a52a-e09db8012494,5912204.0,5912204.0,0.0,0.0,0.0,42.97086,-82.42491,514.0,4,0
35050368-5772-43ee-9ed3-39b0c7c17cae,1398166.84,1398166.84,0.0,66095.91,1464262.75,44.990120000000005,-123.02621,617.0,3,0
74e2699f-d7b6-4c57-86d3-dbf7aadbe80e,8332002.94,8332002.94,0.0,208741.01,8540743.95,38.70734,-77.02303,260.00000000000006,3,0
663f9958-4190-499f-8b08-1553a1068d4f,273408.94,273408.94,0.0,0.0,0.0,41.16704,-73.20483,263.00000000000006,4,0
17db223a-727c-45bd-bfff-e1b5c56b2244,37766.23,37766.23,0.0,2344708.27,2382474.5,45.16024,-93.08883,415.0,3,0
4e1b75b3-bd97-407b-8644-38136e395f8c,76200.04,76200.04,0.0,0.0,0.0,39.57582,-105.11221,252.0,4,0
a4b7b0d4-0f06-4155-9399-999e8120c462,667043.9,667043.9,0.0,0.0,0.0,30.5427,-97.54667,47.0,4,0
4efa2c26-393b-4311-bb76-ad8e4b930221,3547010.54,3547010.54,0.0,0.0,0.0,39.57582,-105.11221,726.0,4,0
47d79f01-2fa0-4b68-8644-213240f138b7,530377.28,530377.28,0.0,0.0,0.0,33.41012,-91.06177,115.0,4,0
5f3da89e-b690-41fc-bce4-50b5d16020ea,408724.54,408724.54,0.0,0.0,408724.54,42.933690000000006,-72.27814000000001,301.0,3,0
3d7220be-8c57-46fb-a77e-1d5696188174,285294.11,285294.11,0.0,181588.17,466882.27,39.45621,-77.96389,561.0000000000001,3,0
b6987777-2cb6-4da6-b991-6d92a264b283,2115503.99,2115503.99,0.0,0.0,0.0,32.9156,-117.14392,363.0,4,0
1bc08a7f-5662-44cb-a749-eb0d6f1fe722,262678.53,262678.53,0.0,0.0,0.0,27.09978,-82.45425999999999,504.0,4,0
474254be-52b1-4b54-afa4-544534020778,101408.84,101408.84,0.0,0.0,101408.84,44.73941,-93.12577,522.0000000000001,3,0
7775f3c7-d870-4273-ab91-f58092db2ca6,71372.0,71372.0,0.0,613464.04,684836.04,42.4251,-71.06616,46.0,3,0
34d425f3-d968-4c2f-ab21-19f9286b766f,1231309.64,1231309.64,0.0,0.0,0.0,41.47892,-87.45476,226.0,4,0
e4004728-f635-430c-b0b3-bc3d522951c6,174566.53,174566.53,0.0,0.0,0.0,40.82232,-74.15987,353.0,4,0
d8d5651d-60ab-424f-96a6-32d08f7ad24a,165925.37,165925.37,0.0,3390123.05,3556048.41,41.48199,-81.79819,212.0,3,1
74141c8e-c30a-4bb7-8239-762f62ba9d31,1495203.8,1495203.8,0.0,0.0,1495203.8,42.55308,-87.93341,335.0,3,0
d2ad4162-c3c3-4ac8-a665-72300bc94251,313418.28,313418.28,0.0,0.0,97980.88,42.24113,-88.3162,11.0,4,0
3fb1605b-6298-4fce-a964-6009f376f4ed,1387048.31,1387048.31,0.0,0.0,0.0,33.41012,-91.06177,635.0,4,0
115db15e-c36b-486e-ac4a-7acdd8e0f76d,800024.12,800024.12,0.0,108216.94,908241.06,44.990120000000005,-123.02621,172.0,3,0
fc4ab2b2-b5f3-49ed-b776-4610ddac185d,377038.53,377038.53,0.0,105508.48,482547.01,31.76212,-95.63079,526.0000000000001,3,0
7908227a-6bf0-46f3-bb37-6755fd9f1efb,1138384.29,1138384.29,0.0,0.0,1138384.29,41.24255,-82.61573,452.0,3,0
d6bb8110-c074-4f7e-b1c2-630d60877d7e,10000000.0,12140888.35,2140888.35,0.0,0.0,41.16704,-73.20483,661.0,4,0
6c1de874-f65c-4d0f-af75-e339470b7080,1454888.86,1454888.86,0.0,278158.89,1733047.75,33.95015,-118.03917,232.0,3,0
91c44175-42b5-45c3-acf4-ad37edef9574,37019.04,37019.04,0.0,52812.32,89831.35,39.45621,-77.96389,229.0,3,0
dce361a5-c922-4fe0-bda2-661001f8091b,5175876.53,5175876.53,0.0,7229712.73,12405589.26,41.54566,-71.29144000000001,694.0,3,0
bd2abee4-51a4-4e89-bc1d-e2bb722d5ce4,181588.3,181588.3,0.0,0.0,0.0,41.24255,-82.61573,223.0,4,0
c3566a02-8fbb-4b48-990a-17efee3649b3,9366.63,9366.63,0.0,51153.4,60520.03,40.94065,-73.99681,295.0,3,0
0611ca97-60ef-4207-a8c7-7c5274ebcf33,488030.08,488030.08,0.0,0.0,0.0,47.64995,-117.23991,298.0,4,0
4a59cafb-0357-431c-9368-e2b464db7d0f,119143.75,119143.75,0.0,131451.57,250595.32,27.09978,-82.45425999999999,728.0,3,0
a178802c-3dc8-482d-a2cd-3d2fbf252323,37796.75,37796.75,0.0,0.0,0.0,36.91023,-121.75688999999998,64.0,4,0
63a7ebd6-4b5d-407a-b907-6f262a9814f2,2145934.81,2145934.81,0.0,0.0,0.0,41.50343,-74.01042,110.0,4,0
f705e73f-fc52-4408-8d4e-bce6c77637a4,1619313.55,1619313.55,0.0,0.0,0.0,20.88953,-156.47432,657.0,4,0
7ccee520-b070-47e7-8f75-8dc1dadfcaef,414153.16,414153.16,0.0,379431.75,793584.91,32.42067,-104.22884,581.0000000000001,3,0
d7f1bf6c-8919-4824-b501-7414c0c0ad3b,3439121.37,3439121.37,0.0,0.0,0.0,47.38093,-122.23484,533.0000000000001,4,0
786fd304-4830-4740-bc59-f5c8af0c84a7,322329.78,322329.78,0.0,0.0,0.0,35.61452,-88.81395,146.0,4,0
275e6634-d402-49b3-8550-d641f3fab97e,723782.37,723782.37,0.0,0.0,0.0,41.85059,-87.882,240.0,4,0
ed556edd-9eec-4e56-a331-4e4f12b451d4,396757.22,396757.22,0.0,167363.79,564121.01,40.34912,-111.90466,423.0,3,0
4dfa687e-b37d-4403-9b1d-31477cffaad2,534158.52,534158.52,0.0,0.0,0.0,41.55815,-73.0515,546.0000000000001,4,0
4f5bd8b1-f555-4dcd-bc11-3e09e5d45f9c,10000000.0,16484526.8,6484526.8,0.0,0.0,40.68066,-73.47429,469.0,4,0
58f71e8e-1799-4647-8c31-578c754c2d36,46130.88,46130.88,0.0,0.0,0.0,46.09273,-88.64235,459.0,4,0
66a3cedf-e5a7-4b7e-a116-1d8110a34404,5429153.98,5429153.98,0.0,0.0,5429153.98,32.35126,-95.30106,441.0,3,0
34bfc66f-99dd-42b7-a27c-907dc3010d39,742973.53,742973.53,0.0,0.0,0.0,47.92526,-97.03285,60.0,4,0
88d55e0b-b44a-4cb3-83ed-56a9267858da,537539.57,537539.57,0.0,0.0,0.0,34.06635,-84.67837,736.0,4,0
eca14392-7e57-4980-9f3c-22cdc7e02918,214975.9,214975.9,0.0,0.0,0.0,38.91817,-78.19444,33.00000000000001,4,0
0f7b3a83-26d0-46e5-a1cf-131c99b39ea7,71372.0,71372.0,0.0,0.0,0.0,47.4943,-122.24092,46.0,4,0
5c676258-be57-4ffb-ac2b-154c3b546df3,297465.74,297465.74,0.0,4700.53,302166.26,39.96097,-75.60804,263.00000000000006,3,0
51adcbe5-17f2-43c4-8d01-6a486abf107a,325242.69,325242.69,0.0,910845.46,1236088.15,42.97086,-82.42491,56.0,3,0
12df9b98-ba40-4c90-be57-d11ebe590d9e,908858.12,908858.12,0.0,0.0,908858.12,39.32011,-76.51552,170.0,3,1
6e1f69de-aa40-4034-8033-3fcd0330cc2f,342120.59,342120.59,0.0,0.0,0.0,31.76212,-95.63079,328.0,4,0
e3e4165d-3b13-4aa7-a997-58fd61d1da77,777448.03,777448.03,0.0,76927.01,854375.05,41.55815,-73.0515,584.0,3,0
95516c29-f2eb-4328-b192-400f36605d6a,3887853.15,3887853.15,0.0,0.0,0.0,41.55838,-81.56929000000001,690.0,4,0
5ff888a8-9396-46ff-a57d-707bed8f808d,2739869.62,2739869.62,0.0,0.0,2739869.62,42.4251,-71.06616,472.0,3,0
b60b9005-bdb6-41c4-8dce-1da580809c70,1021129.67,1021129.67,0.0,86245.92,1107375.59,38.91817,-78.19444,49.0,3,0
b8a1929a-e486-45c0-bba8-78c4227458cc,1144089.37,1144089.37,0.0,2502877.26,3879210.29,40.72371,-73.95097,18.000000000000004,3,0
5e773501-3252-46c7-8140-b71587b383ba,2472250.47,2472250.47,0.0,0.0,0.0,33.44872,-86.78777,564.0000000000001,4,0
75bb823e-cf14-48d7-a4be-a02957556b2d,436035.29,436035.29,0.0,0.0,436035.29,40.56754,-89.64066,196.0,3,0
fd4fc172-b86c-4efe-b697-a126ca93952f,214760.72,214760.72,0.0,0.0,0.0,25.67927,-80.31727,645.0,4,0
f6d08e29-4bfc-47c5-b733-3dbffd3d4f26,128417.96,128417.96,0.0,99429.91,227847.87,34.77453,-96.67834,135.00000000000003,3,0
0b85c079-1833-4aab-8e44-c4391c5f442f,774868.1,774868.1,0.0,0.0,0.0,40.65995,-111.99633,648.0,4,0
571ff823-41fa-4025-b93f-40accd8347dd,847383.45,847383.45,0.0,1465042.43,2312425.88,38.96372,-76.99081,260.00000000000006,3,0
d329c938-24cb-46b0-aa4d-1cd3530b42f5,9217.19,9217.19,0.0,0.0,9217.19,35.05266,-78.87836,10.0,3,0
ee369c0b-668b-4b30-a5a4-04f7ec74bd1d,394388.09,394388.09,0.0,1260564.49,1654952.58,34.77453,-96.67834,59.0,3,0
70a07fff-5432-4948-aed1-63a531176744,1205760.86,1205760.86,0.0,8682013.45,9887774.3,33.08014,-83.2321,487.0,3,1
fd1b0f61-1635-4740-8461-0f261a7ff4a4,30467.69,30467.69,0.0,0.0,0.0,37.73604,-120.93549,401.0,4,0
b1602252-7d7d-4fa9-ba0f-45827e9fad70,278577.6,278577.6,0.0,0.0,0.0,33.35283,-111.78903,454.0,4,0
9c16c9c5-e1b3-4df1-8a89-9c41a9fd950e,143275.81,143275.81,0.0,0.0,0.0,33.45122,-86.99665999999999,560.0000000000001,4,0
24cb11f6-7ac1-4328-b32d-538a12caee4f,321883.89,321883.89,0.0,52392.86,374276.75,26.2173,-80.22588,127.0,3,0
75e87ab0-3ef6-457d-be10-b61bc9ffc7f6,200419.12,200419.12,0.0,4027748.6,4228167.73,40.56754,-89.64066,368.0,3,0
0e1bfca9-2814-4927-8993-c3d592a99a28,232315.43,232315.43,0.0,0.0,0.0,43.61062,-72.97261,524.0000000000001,4,0
1720c6af-6e0e-48c6-ae4d-98824df6c3e7,375141.86,375141.86,0.0,0.0,0.0,41.85059,-87.882,139.00000000000003,4,0
59761188-57a7-46b7-a9fd-9a40bce49415,166323.01,166323.01,0.0,0.0,166323.01,41.54566,-71.29144000000001,182.0,3,0
e3657c4e-4eb5-4084-810d-85965bb85e1c,18982.32,18982.32,0.0,2207295.98,2226278.3,40.58654,-122.39168,650.0,3,0
a559d1ae-edf9-47ac-96dc-6ca4d694c9c7,37669.14,37669.14,0.0,30613.05,68282.19,40.63316,-74.13653000000001,267.00000000000006,3,0
5a9f6154-ff44-4ae8-a510-4cd428012449,415437.27,415437.27,0.0,0.0,0.0,34.95303,-120.43572,265.00000000000006,4,0
3153e36b-707d-4933-85e5-5cb47a9951bd,829012.31,829012.31,0.0,0.0,0.0,47.76232,-122.2054,127.0,4,0
e6ab46c8-92cf-4125-9c9f-8d292b3a7406,132294.93,132294.93,0.0,0.0,0.0,33.50921,-111.89903,191.0,4,0
45cb426f-423e-4d68-b77b-50602f75f950,44829.81,44829.81,0.0,0.0,0.0,40.65538,-74.38987,25.0,4,0
e6c8cdc7-e445-44c6-8989-e9093b4e0045,4348.62,4348.62,0.0,0.0,0.0,38.91817,-78.19444,388.0,4,0
2b5495be-7f99-47df-bba7-83ab8a704116,633384.46,633384.46,0.0,0.0,0.0,41.54566,-71.29144000000001,302.0,4,0
64ae76c3-b6b8-42da-bf33-094c843af07b,357882.83,357882.83,0.0,901329.73,1259212.55,41.66394,-83.55521,560.0000000000001,3,0
94f7021a-555c-439a-adc0-785ea7e5e296,44577.32,44577.32,0.0,61298.8,105876.12,45.16024,-93.08883,626.0,3,0
4e150f1f-ad04-4e9b-8640-f8a9472ca31d,608290.12,608290.12,0.0,187218.01,795508.14,39.32011,-76.51552,312.0,3,0
8c4f4410-4b2f-48b8-b18a-21f17d030898,174683.34,174683.34,0.0,449036.7,623720.04,35.88264,-80.08199,250.0,3,0
05307dc2-540a-45f4-a6c1-83b623715532,3210027.48,3210027.48,0.0,0.0,0.0,41.66394,-83.55521,242.0,4,0
bb0985a5-2f73-49f7-867e-fea3c4bccea4,155926.42,155926.42,0.0,0.0,0.0,40.63316,-74.13653000000001,468.0,4,0
7f88162c-0b58-4aa6-8b40-62c8316f3031,655676.97,655676.97,0.0,53614.28,709291.25,37.71715,-122.40433,95.0,3,0
1e5e304b-3902-4252-b0d9-91eab969b627,10000000.0,18931607.89,8931607.89,0.0,0.0,34.216390000000004,-119.0376,86.0,4,0
b7ff192c-e0d4-497b-8bf1-09192b9bf60b,212028.15,212028.15,0.0,0.0,0.0,34.142509999999994,-118.25508,715.0,4,0
0ab3fd95-991d-4c54-946a-04ac8151e2e7,203881.96,203881.96,0.0,0.0,0.0,37.71715,-122.40433,562.0000000000001,4,0
2adefb63-0823-4ecb-a229-e03affe43c0b,127528.92,127528.92,0.0,0.0,0.0,40.63316,-74.13653000000001,341.0,4,0
ba12b0bd-9f7c-4881-ab86-b181efb23c78,1777674.32,1777674.32,0.0,1953534.39,3731208.71,39.43534,-84.20299,171.0,3,0
7d20e063-03cc-4576-aad7-457d0fe2fade,2472250.47,2472250.47,0.0,4136.88,2476387.35,26.2173,-80.22588,564.0000000000001,3,0
ca0d1ce5-509e-4c99-abf6-65c60e8c101c,1400472.01,1400472.01,0.0,1049307.17,2449779.18,20.88953,-156.47432,132.00000000000003,3,0
6242d04e-1357-4d95-981e-5a6a11559daa,124582.58,124582.58,0.0,320485.06,445067.64,41.9001,-71.08977,727.0,3,0
0a2a6821-6c8d-49bb-ae30-c1ef7f0a6044,20128.0,20128.0,0.0,6268.0,12145.85,33.72255,-116.37697,1.0,3,0
2d8debb6-cf25-45b1-ad1f-ff80c00c639f,724264.21,724264.21,0.0,0.0,0.0,39.09112,-94.41551,414.0,4,0
6c5ff010-47bd-4548-b4cb-4812fa85c0bf,325242.69,325242.69,0.0,0.0,0.0,38.96372,-76.99081,56.0,4,0
2fd4467e-0fcc-44f8-82e6-633dec0f343a,7677120.59,7677120.59,0.0,0.0,0.0,32.5007,-94.74049,362.0,4,0
c067c58f-76da-4862-b6ec-6c6d9f21c184,186375.38,186375.38,0.0,0.0,0.0,40.63316,-74.13653000000001,404.0,4,0
d5540fcf-d15e-4564-87f5-f90d1a049325,82112.74,82112.74,0.0,7968.15,90080.89,35.05266,-78.87836,251.0,3,0
6db76802-1ec2-4d6f-a990-63ff897950f5,8980853.88,8980853.88,0.0,0.0,0.0,41.0051,-73.78458,694.0,4,0
641d0a4a-492e-4dc8-b666-dc66f6df5f03,24424.67,24424.67,0.0,0.0,0.0,40.94065,-73.99681,555.0000000000001,4,0
ab8134cf-3ef2-4c73-b005-efa96d3b59e1,2984434.36,2984434.36,0.0,5498919.48,8483353.84,39.71734,-74.96933,314.0,3,0
578455ef-f398-4fd1-acfd-7e3a89d10b46,479892.04,479892.04,0.0,0.0,0.0,41.84364,-87.71255,71.00000000000001,4,0
1f13dad3-7065-49e7-a74b-342453346078,269545.63,269545.63,0.0,905690.55,1175236.17,30.17746,-81.38758,93.0,3,0
6ba39567-7756-4b79-bffa-4f5079c19dd9,486060.16,486060.16,0.0,0.0,486060.16,41.75338,-86.11084,197.0,3,0
a86e294c-986a-4215-b3e3-ef9ab5917080,108783.2,108783.2,0.0,0.0,0.0,44.990120000000005,-123.02621,217.0,4,0
a842a272-1d71-47e5-a426-646b1d25dcd9,158879.1,158879.1,0.0,751402.72,910281.82,45.49428,-122.86705,603.0,3,0
33416cd0-5b25-4609-9298-3e8f67efad5b,2231.46,2231.46,0.0,0.0,0.0,41.15376,-87.88754,106.0,4,0
779271ac-03ed-4f59-8919-4b822903d2ef,112835.43,112835.43,0.0,857193.78,970029.21,33.98154,-81.23621,373.0,3,0
321be976-65f6-41a2-b5aa-0d8a55598d76,1525742.02,1525742.02,0.0,0.0,0.0,41.55838,-81.56929000000001,134.00000000000003,4,0
9711f254-f627-4099-a425-18eeb81a0141,1131750.38,1131750.38,0.0,313070.53,1444820.92,33.93113,-117.54866,570.0000000000001,3,0
baf778f2-e813-424c-b55b-cd6ded83e3c5,1438737.78,1438737.78,0.0,7014552.73,8453290.51,41.55838,-81.56929000000001,358.0,3,0
22b15758-cbe3-418e-b314-684799a9e8fe,1122508.34,1122508.34,0.0,816132.63,1938640.97,40.68066,-73.47429,98.0,3,0
cc3f2af5-b8fb-495d-b581-53b44fdfee8a,42418.85,42418.85,0.0,0.0,0.0,40.24537,-75.64963,112.0,4,0
7ff97eb7-b45e-422a-8e10-32c63734f561,24773.86,24773.86,0.0,0.0,0.0,38.70734,-77.02303,546.0000000000001,4,0
faccdb6c-c0f2-41be-a71c-b696600477d9,1321984.45,1321984.45,0.0,0.0,1321984.45,42.97086,-82.42491,659.0,3,0
1edfb4fa-bd7f-4c36-8ad5-d679ed1c0451,7466.12,7466.12,0.0,0.0,7466.12,40.60538,-73.75513000000001,374.0,3,0
a975e84c-400e-487c-827d-3be517c91dff,172344.3,172344.3,0.0,0.0,0.0,33.50921,-111.89903,295.0,4,0
22655f74-7d34-4ca8-b171-34078e609c45,69724.85,69724.85,0.0,0.0,0.0,45.16024,-93.08883,714.0,4,0
74a29f96-b84a-46c7-a949-9c58f353919e,1467968.73,1467968.73,0.0,0.0,0.0,39.57582,-105.11221,686.0,4,1
f07f0234-43df-4954-a55b-8488fa30f574,228751.77,228751.77,0.0,702234.36,930986.13,26.68451,-80.66756,644.0,3,0
5e8ce62a-dcc2-4960-bb2e-bb7604d70636,350789.59,350789.59,0.0,8785008.75,9135798.34,34.216390000000004,-119.0376,43.0,3,0
3c439635-b660-42d0-8c8b-13899aa193fb,186227.75,186227.75,0.0,0.0,0.0,41.14676,-73.49484,106.0,4,0
79db361b-a551-406d-a8de-672f4a62aa86,268230.43,268230.43,0.0,0.0,268230.43,38.96372,-76.99081,89.0,3,0
9571e39e-2a06-413b-ab61-ecdce9723813,3178915.22,3178915.22,0.0,690831.94,3869747.17,40.5576,-74.28459000000001,150.0,3,0
64bcc094-bd68-4f05-938c-57dddd7431a3,952234.12,952234.12,0.0,0.0,952234.12,45.16024,-93.08883,631.0,3,0
2eccb825-4e19-45c8-9ca9-625fc2a3583e,392767.71,392767.71,0.0,90169.81,482937.52,45.49428,-122.86705,528.0000000000001,3,0
362320bb-4a01-4164-8a31-d22ca3cd7159,181224.98,181224.98,0.0,0.0,0.0,40.34912,-111.90466,528.0000000000001,4,0
9491c0b3-b179-4ae1-ac52-86d73741ecab,3912252.81,3912252.81,0.0,0.0,0.0,29.84576,-90.10674,736.0,4,0
c1b93f8f-321f-42ad-a97b-46535d7bbaa3,6721321.33,6721321.33,0.0,85644.25,6806965.58,41.75338,-86.11084,351.0,3,0
ae723bef-3ff9-439f-aeed-f6cf0839817f,14016.65,14016.65,0.0,1818633.89,1832650.55,41.85059,-87.882,149.0,3,0
b3f76ac1-f88b-49d5-b561-0e20f50f4e91,3354215.55,3354215.55,0.0,0.0,3354215.55,43.54072,-116.56346,394.0,3,0
79522480-b1e1-455c-a7b0-e82c1330f918,122235.11,122235.11,0.0,0.0,0.0,34.09611,-118.10583,30.0,4,0
e418257d-4fb9-41c3-9873-5af26d64e6e5,86258.11,86258.11,0.0,71277.81,157535.92,32.52515,-93.75018,365.0,3,0
31a3e878-f3b0-4da6-95cc-908552e30ef4,32382.31,32382.31,0.0,0.0,0.0,30.5427,-97.54667,626.0,4,0
efd4852b-f05a-4756-892f-469bf65d8dd4,952234.12,952234.12,0.0,0.0,0.0,41.24255,-82.61573,631.0,4,0
abed5058-9ed7-4b7b-8737-6e0d0754cb2d,6029387.26,6029387.26,0.0,662435.69,6691822.95,42.58342,-71.8023,231.0,3,0
fb872a2d-60b0-4f99-a374-a1779e54f0bc,296940.32,296940.32,0.0,0.0,0.0,33.08014,-83.2321,495.0,4,0
dc03c857-d137-4446-9943-7afd1c6e2fd8,23134.17,23134.17,0.0,0.0,23134.17,37.71715,-122.40433,710.0,3,0
b9f67196-b1e2-495b-b7cf-866218e0df73,78741.64,78741.64,0.0,0.0,0.0,40.94065,-73.99681,26.0,4,0
d9b53cd8-9df0-46a2-b066-f0e61553cdd6,7563536.91,7563536.91,0.0,667243.49,8265310.34,33.93113,-117.54866,136.00000000000003,3,0
76c014b6-7d77-42bb-ac2f-09da8516f185,781988.85,781988.85,0.0,0.0,0.0,39.33427,-76.43941,582.0000000000001,4,1
addc3c6d-1f81-40f0-bf9a-a15bfc838b8a,368951.94,368951.94,0.0,19141.57,388093.51,44.73941,-93.12577,682.0,3,0
86e4fd20-aeb6-4dce-90a8-4c4d2b006b72,2983996.6,2983996.6,0.0,0.0,0.0,38.54491,-121.74052,379.0,4,0
19649550-be8a-47ec-baf9-208e3be8d7b8,188097.08,188097.08,0.0,164930.19,353027.27,43.61062,-72.97261,532.0000000000001,3,0
ed01b25c-3946-45ed-b9e6-9aa9e8e98779,1136374.62,1136374.62,0.0,820273.26,1956647.88,46.32374,-120.00865,677.0,3,0
d2295b30-e9bc-4092-861b-26056b1ef8fb,539087.79,539087.79,0.0,44825.34,583913.14,40.2737,-76.88441999999999,105.0,3,0
b7c71ade-b8a6-4a82-a5cd-ed22aeaf20c8,81814.51,81814.51,0.0,203160.15,284974.66,30.17746,-81.38758,372.0,3,0
731d8643-ca44-410c-89a8-02d229d6317a,228803.98,228803.98,0.0,0.0,228803.98,43.61062,-72.97261,606.0,3,0
8faa3518-4557-4eda-a613-744421501f09,10000000.0,10000000.0,0.0,0.0,10000000.0,46.09273,-88.64235,617.0,3,0
94bc990f-b89a-41b2-b984-b379a44a30a8,2582733.46,2582733.46,0.0,98889.21,2681622.67,47.64995,-117.23991,292.0,3,0
1dcd4a27-d850-40df-9d56-c805c929460e,138993.63,138993.63,0.0,0.0,138993.63,41.24255,-82.61573,128.0,3,0
e51f52fb-cfe4-42ee-a39a-a17713860eb9,21332.46,21332.46,0.0,0.0,0.0,41.55815,-73.0515,672.0,4,0
85b65be0-457d-4a04-be8c-e0545ae1e68d,207241.52,207241.52,0.0,0.0,207241.52,40.58654,-122.39168,423.0,3,0
90d6cf9a-560c-474a-a9c1-21905f7c657c,897131.97,897131.97,0.0,533166.71,1430298.68,41.24255,-82.61573,561.0000000000001,3,0
426b2262-7126-465e-8fd9-2534e4cece2f,63262.94,63262.94,0.0,6388249.11,6451512.05,35.250640000000004,-91.73625,452.0,3,0
9f9fe5cb-2912-48cc-b95d-90c50d1a2323,2871898.5,2871898.5,0.0,0.0,2871898.5,40.24537,-75.64963,520.0000000000001,3,0
664cf9c4-483f-4848-a6b9-9a426289ac3d,3595911.39,3595911.39,0.0,0.0,0.0,26.91756,-82.07842,111.0,4,0
4979085e-5e78-4353-8f25-ef8a6082dace,5658123.36,5658123.36,0.0,1094471.2,6752594.56,32.35126,-95.30106,388.0,3,1
71d48384-87be-4c2d-9b87-97404c198512,972009.75,972009.75,0.0,298095.31,1270105.06,40.57788,-73.95958,367.0,3,0
8e03b1eb-6e07-4179-942a-2d4144954920,1132311.86,1132311.86,0.0,0.0,0.0,41.72059,-87.70172,164.0,4,0
a3250e8d-28de-4992-81ab-9906adf949b4,103124.43,103124.43,0.0,0.0,0.0,40.56754,-89.64066,286.00000000000006,4,0
c6ad5146-d0e0-4118-8d32-0a6eb035730a,503793.25,503793.25,0.0,0.0,95709.62,33.54428,-84.23380999999999,37.0,4,0
48812c29-00a1-4bac-ae52-933671f00f46,65091.34,65091.34,0.0,0.0,0.0,44.73941,-93.12577,238.0,4,0
58a6a9ab-c969-45a5-8dc3-d04e2ad39b8d,626673.66,626673.66,0.0,1196558.84,1823232.5,40.94065,-73.99681,379.0,3,0
cc6fa3ef-050c-48bc-b4f4-b280372f409a,1591263.43,1591263.43,0.0,0.0,0.0,41.8542,-87.66561,443.0,4,0
0a924fcd-8703-404d-baf5-a256dbd9a59a,21531.0,21531.0,0.0,0.0,21531.0,40.68066,-73.47429,130.00000000000003,3,0
42ecd61c-3795-4b44-bb04-c220460995b1,106584.32,106584.32,0.0,5524872.71,5631457.03,35.61452,-88.81395,738.0,3,1
28a84c86-5397-4286-bb43-9fb8d433dd05,2908264.69,2908264.69,0.0,0.0,0.0,34.95303,-120.43572,114.0,4,0
85e6c106-13f8-4205-aae4-eb01ef44e243,8020192.15,8020192.15,0.0,2435.09,8022627.23,40.58654,-122.39168,501.0,3,0
f978836a-5da6-42dd-83e3-d1212cc2ef90,452804.42,452804.42,0.0,4020.0,0.0,40.93121,-73.89875,177.0,3,0
6ce8c6c0-d109-4f02-aad0-0e6d8328d721,23292.3,0.0,0.0,392364.62,415656.92,28.54944,-81.77285,21.0,3,0
7fed2a71-b3a9-45c7-bf26-27434669d3be,66516.2,66516.2,0.0,156834.4,223350.6,33.72255,-116.37697,709.0,3,0
894e1203-63fc-4bcf-a44d-fac2184e829b,242896.12,242896.12,0.0,0.0,0.0,36.61033,-88.31475999999999,518.0,4,0
b90c2bc4-af4e-42f8-b59d-cd5d9b8f8cfc,140523.4,140523.4,0.0,25108.13,165631.53,40.58654,-122.39168,282.00000000000006,3,0
429c068a-d319-4b14-ba24-4adcfebf4e65,371449.7,371449.7,0.0,22146.7,393596.39,40.56754,-89.64066,718.0,3,0
11af213a-f9d4-4fcb-a183-c484a83196c3,982414.06,982414.06,0.0,0.0,0.0,26.68451,-80.66756,274.00000000000006,4,0
948ba110-5319-4aba-b462-c4756291d1cc,8783.42,8783.42,0.0,0.0,0.0,45.16024,-93.08883,192.0,4,0
a0debd44-0b89-4b1b-b980-9861e213b14f,542222.77,542222.77,0.0,459408.41,1001631.17,39.09112,-94.41551,455.0,3,0
567aa832-5feb-4b07-92e3-f1e6a5afebfd,7596886.83,7596886.83,0.0,0.0,0.0,40.60538,-73.75513000000001,323.0,4,1
5b7621dc-bba5-4026-a54c-2073412ea7e2,256556.98,256556.98,0.0,0.0,0.0,34.06635,-84.67837,458.0,4,0
54e74e74-81e9-4358-b73f-5bd402b681ed,4900487.15,4900487.15,0.0,0.0,0.0,39.43534,-84.20299,410.0,4,0
046d0d41-3ea6-47f3-9e88-fe13f0d239e1,212089.74,212089.74,0.0,257758.48,469848.23,39.33427,-76.43941,15.0,3,0
1cff1c88-38f9-4bc0-ad8b-96436dd75c70,1162672.01,1162672.01,0.0,0.0,0.0,31.12406,-97.90308,443.0,4,0
0d848157-966e-48f9-8128-6573a154ff60,99804.21,99804.21,0.0,77105.84,176910.05,41.85059,-87.882,426.0,3,0
da768432-81e3-4990-8bc7-e510466af2aa,7068115.67,7068115.67,0.0,0.0,0.0,36.208290000000005,-115.98391,143.00000000000003,4,0
f1543fcd-fea2-46a6-ad3b-6ee36369aaf0,223228.11,223228.11,0.0,252901.53,476129.65,43.1009,-75.23266,317.0,3,0
59fa4846-e328-49a5-93c6-09446f0fa221,143501.7,143501.7,0.0,794640.25,938141.95,43.91452,-69.96533000000001,387.0,3,0
663f656f-0e65-47e5-82c1-c009c747e722,1165187.89,1165187.89,0.0,0.0,0.0,34.142509999999994,-118.25508,518.0,4,0
3dae6e72-17f3-4c4f-8370-1a04c924f4c9,272997.35,272997.35,0.0,0.0,0.0,40.63316,-74.13653000000001,344.0,4,0
6939d481-779e-4992-87a2-82b490240cce,124311.57,124311.57,0.0,116019.29,240330.86,41.24255,-82.61573,245.0,3,0
96310de5-7c0a-4a46-acaf-1938f9ed93c7,190215.18,190215.18,0.0,0.0,190215.18,37.60876,-77.37331,481.0,3,0
c29c7a7e-c46f-4a59-a80d-c730de054850,105080.35,105080.35,0.0,0.0,0.0,42.30865,-83.48216,231.0,4,0
effa7069-b477-4e2d-a111-0fb0d62c8171,451663.55,451663.55,0.0,95658.45,547322.01,40.58654,-122.39168,611.0,3,0
60c6d649-8af8-4047-afc4-992793fe1461,279826.54,279826.54,0.0,0.0,0.0,41.27621,-72.86843,463.0,4,0
33d10b05-4c92-475a-b45a-12cf412c014a,353094.9,353094.9,0.0,9099.34,362194.24,40.60538,-73.75513000000001,608.0,3,0
9e33576f-382c-403b-aabb-612eacf3800b,1457085.28,1457085.28,0.0,0.0,0.0,30.16688,-96.39774,105.0,4,0
57be1525-2a6c-43d2-b2a3-cd8640c2e079,71729.96,71729.96,0.0,604151.3,675881.26,42.24113,-88.3162,694.0,3,1
883687d5-e6b5-4d7d-b7d8-9dd0a4101ea7,1786247.31,1786247.31,0.0,244952.19,2031199.5,41.15376,-87.88754,171.0,3,0
9e82d756-a7f5-4660-b436-cbe6ca770849,554501.15,554501.15,0.0,225415.81,779916.96,41.15376,-87.88754,334.0,3,0
b015664c-8f01-4600-9e3a-4a9db03c0293,8488865.83,8488865.83,0.0,0.0,0.0,39.09112,-94.41551,629.0,4,0
0cbb2016-58bf-4df7-af94-1363562a9933,334890.91,334890.91,0.0,0.0,0.0,29.84576,-90.10674,223.0,4,0
bb3a9802-bd02-4829-b643-179d6efde225,1499869.54,1499869.54,0.0,9546574.32,11046443.85,33.54428,-84.23380999999999,474.0,3,0
4a07135d-d818-499b-b4a7-12151647ee5b,577301.73,577301.73,0.0,0.0,577301.73,30.16688,-96.39774,569.0000000000001,3,0
15bd9392-7bdb-43db-8558-72e960dee2e2,67128.33,67128.33,0.0,623880.13,691008.45,42.4251,-71.06616,623.0,3,0
44ce6d19-75e6-41ec-b917-40fead78aaa1,19226.25,19226.25,0.0,0.0,19226.25,43.61062,-72.97261,332.0,3,0
d0e0e2ca-81b4-4a23-9075-d8b4fa6ffaa2,256705.68,256705.68,0.0,0.0,0.0,47.80527,-122.24063999999998,160.0,4,0
a9e49d9f-51f4-4778-a00e-c3a80619e7a0,482679.6,482679.6,0.0,0.0,0.0,42.58342,-71.8023,91.0,4,0
d48dfd88-a1fc-4330-9bec-a89b0b5dff59,555328.55,555328.55,0.0,0.0,0.0,38.54491,-121.74052,517.0,4,0
78e78b3e-c545-472e-ab78-5b83be90d6e5,1048.63,1048.63,0.0,62895.35,63943.98,41.0051,-73.78458,476.0,3,0
ae0bfde3-21c8-4ffe-b3f5-179e084e6b53,79039.81,79039.81,0.0,11270532.7,11349572.51,33.44872,-86.78777,720.0,3,0
7bedd5d3-7a18-45c5-ae2d-6b9f32224026,170486.7,170486.7,0.0,337632.83,508119.54,40.63316,-74.13653000000001,613.0,3,0
b9635c67-1c95-4109-9db9-98630cbc7dcd,3846781.01,3846781.01,0.0,0.0,0.0,47.92526,-97.03285,728.0,4,0
13cbc20f-9456-4f65-845c-cf11dd28b58e,876753.11,876753.11,0.0,0.0,0.0,33.08014,-83.2321,475.0,4,0
c1736fa5-4383-43ac-b78b-d9224839da04,4626269.69,4626269.69,0.0,4501183.12,9127452.81,37.71715,-122.40433,438.0,3,0
159cb17a-d4f9-4812-93ee-8d9e5391db99,269476.09,269476.09,0.0,32185.76,301661.86,31.12406,-97.90308,507.0,3,0
aa4bc128-485e-4645-a573-095a96695287,807466.16,807466.16,0.0,0.0,0.0,41.15376,-87.88754,681.0,4,0
c6cdcf64-0e29-4b83-8635-d6811702de6f,343429.34,343429.34,0.0,0.0,0.0,41.75338,-86.11084,690.0,4,0
7c5b5e6c-5d41-4acf-b504-912a35224b24,749316.7,749316.7,0.0,0.0,0.0,34.142509999999994,-118.25508,678.0,4,0
951bda97-cb94-4a43-be7c-33e872c4b485,2291498.65,2291498.65,0.0,0.0,2291498.65,40.56754,-89.64066,507.0,3,0
73ffb1d5-0860-40f7-b59e-d1bccef10f10,182666.85,182666.85,0.0,51743.92,234410.77,34.142509999999994,-118.25508,227.0,3,0
b46bf08d-714a-4037-8a4c-fa4cd6535d34,63944.13,63944.13,0.0,0.0,0.0,41.54566,-71.29144000000001,239.0,4,1
977c5118-6266-4e57-98fd-2cc267f1bb6b,10000000.0,10000000.0,0.0,0.0,10000000.0,41.6764,-91.58045,444.0,3,0
acfdc40d-2463-43e5-88db-91725f93f969,1994285.14,1994285.14,0.0,0.0,0.0,43.1009,-75.23266,150.0,4,0
d776610d-aa7c-48c7-963e-3f70bddd61f0,13421.28,13421.28,0.0,0.0,0.0,43.91452,-69.96533000000001,588.0,4,0
4dc5e07c-5f27-42e9-93fd-89a88596c50e,223730.4,223730.4,0.0,0.0,0.0,41.75338,-86.11084,287.00000000000006,4,0
455e722d-b1a3-43a5-a5d0-9329b3e9e7ec,171880.67,171880.67,0.0,2893198.81,3086348.25,37.52487,-77.55776999999999,395.0,3,0
52fb403d-072f-4a4f-b8c3-338c2a764352,254947.37,254947.37,0.0,0.0,0.0,39.43534,-84.20299,565.0000000000001,4,0
33c2c253-30f7-40fa-9c2a-56b629fa9beb,246938.77,246938.77,0.0,0.0,0.0,40.5576,-74.28459000000001,58.0,4,0
e028c6bc-6cef-465d-bed4-7d6167805a42,676882.33,676882.33,0.0,0.0,676882.33,33.95015,-118.03917,269.00000000000006,3,0
77447150-fae4-464b-b4af-c8a8f84ff60a,47662.13,47662.13,0.0,0.0,0.0,32.44874,-99.73314,582.0000000000001,4,0
e5c40dab-825f-420a-902b-527573ed4b99,520500.14,520500.14,0.0,0.0,0.0,46.09273,-88.64235,367.0,4,1
9f05af7d-eb94-4170-90e6-e16f92e9ff38,710385.55,710385.55,0.0,664259.42,1374644.97,39.72943,-104.83192,103.0,3,0
09fc8860-a13f-4341-b800-e26d2510d33f,242179.39,242179.39,0.0,0.0,0.0,47.92526,-97.03285,155.0,4,0
364811ee-d7ff-45ab-a5c9-e13236c16df5,841052.98,841052.98,0.0,0.0,841052.98,41.55815,-73.0515,64.0,3,0
eaf14aa4-0e77-493d-8497-cf0eb93cd97f,1842.0,1842.0,0.0,0.0,1842.0,34.258070000000004,-88.70464,37.0,3,0
9e22f23b-fecc-46cd-a274-998211004755,153870.09,153870.09,0.0,0.0,0.0,32.44874,-99.73314,618.0,4,0
07584c73-ca02-4a69-ae3a-a85e48e83545,540530.08,540530.08,0.0,3707887.19,4248417.27,35.74788,-95.36969,343.0,3,0
37e59462-989f-4a85-9d97-29c86fe0465c,119.0,119.0,0.0,0.0,0.0,38.96372,-76.99081,15.0,4,0
0c64f0a3-145d-49a4-aafd-309640c75a70,688473.32,688473.32,0.0,0.0,0.0,39.32011,-76.51552,318.0,4,0
894d181e-2833-4607-9399-0757ae6a9a3b,236914.77,236914.77,0.0,0.0,0.0,38.06084,-97.92977,595.0,4,0
efa4d5a8-f4cd-4c68-a0b7-4374a67bc398,10000000.0,14886423.05,4886423.05,0.0,0.0,39.32011,-76.51552,685.0,4,0
ab78fef7-ee21-46f5-ad3b-62360c2b0daa,8177.04,8177.04,0.0,842143.06,850320.1,36.91023,-121.75688999999998,470.0,3,0
f9534868-7994-4df2-94c8-dc9f0c1e5c14,606920.11,606920.11,0.0,16606636.44,17213556.55,39.32288,-76.72803,526.0000000000001,3,0
1edee43f-ab2a-4a47-aa19-09e2ccd72c22,150157.6,150157.6,0.0,7532593.13,7682750.73,39.71734,-74.96933,579.0000000000001,3,0
5367f75c-539b-44df-bb08-9db83a7e7a1d,1558.46,1558.46,0.0,1090398.04,1091956.51,33.08014,-83.2321,519.0,3,0
cee04b26-b4d6-47fb-a230-8c1d6d4294a7,3947541.37,3947541.37,0.0,226201.44,4173742.81,40.60538,-73.75513000000001,439.0,3,1
3fc4d41c-76be-4e20-ad3b-2649f63cd862,1155819.58,1155819.58,0.0,0.0,0.0,41.0051,-73.78458,98.0,4,0
c5626701-b774-44a0-bee8-e905ca9da0d0,597411.76,597411.76,0.0,2035697.45,2633109.21,39.32288,-76.72803,233.0,3,0
c1b816cf-d041-4d79-b4a0-5bd7f5ea1a02,93732.16,93732.16,0.0,131244.99,224977.15,44.990120000000005,-123.02621,110.0,3,0
de037482-c051-4681-be3c-c4dd49510c8e,449032.97,449032.97,0.0,783117.44,1232150.41,26.91756,-82.07842,376.0,3,0
136a9598-435b-4844-8c6e-a40170da73ea,1534926.96,1534926.96,0.0,0.0,1534926.96,46.09273,-88.64235,83.0,3,0
0fbe6601-aef6-414a-8966-9f79b2c98dbc,164500.81,164500.81,0.0,685636.21,850137.02,44.27804,-88.27205,15.0,3,0
1be792b9-0dca-4d4f-98ba-6f0160536355,423660.73,423660.73,0.0,0.0,0.0,40.56754,-89.64066,516.0,4,0
bda8bb81-0156-4599-85e9-4a3087a219df,504362.34,504362.34,0.0,0.0,0.0,42.58342,-71.8023,666.0,4,0
0764994b-950c-4253-802c-3f67ec290689,160088.68,160088.68,0.0,0.0,0.0,42.933690000000006,-72.27814000000001,686.0,4,0
d50c42ef-687f-4ed9-9a4e-ef3cd280cf39,49372.94,49372.94,0.0,517116.46,566489.4,32.35126,-95.30106,155.0,3,0
16d5e98c-fe3b-4508-b5d2-7260447bb182,19692.68,19692.68,0.0,0.0,0.0,38.96372,-76.99081,330.0,4,0
4290d577-025d-4a86-b0cc-53ac679ff3d1,345526.4,345526.4,0.0,0.0,0.0,37.60876,-77.37331,71.00000000000001,4,0
76483973-e7c5-4cf2-aed3-fc74415d1433,2326251.51,2326251.51,0.0,0.0,0.0,28.54944,-81.77285,230.0,4,0
721cc089-7b7d-49da-812b-7591d87fe99f,175267.61,175267.61,0.0,73374.37,248641.98,38.91817,-78.19444,164.0,3,0
a8770ada-f8dc-4a2c-836b-484ee76ea679,553399.25,553399.25,0.0,0.0,0.0,34.09611,-118.10583,196.0,4,1
47d557e1-91f4-4f44-a5cd-8e8215b0c6e1,21990.52,21990.52,0.0,0.0,21990.52,39.00622,-77.4286,645.0,3,0
04f5b682-15d8-4a93-b59a-e5ee2cf29ccf,10211.81,10211.81,0.0,0.0,0.0,41.8542,-87.66561,324.0,4,0
23bb0666-2c70-45dd-9fbe-eee7db637896,64181.21,64181.21,0.0,0.0,0.0,20.88953,-156.47432,664.0,4,0
1ebd58a0-f3c0-4324-8111-09c1f3bd2a13,345425.57,345425.57,0.0,0.0,0.0,29.84576,-90.10674,251.0,4,0
0b49dd00-fe9c-49ae-bb9f-424b4feab1c7,544352.53,544352.53,0.0,0.0,544352.53,25.67927,-80.31727,556.0000000000001,3,0
6a00cba5-dfeb-4182-b72a-e2480112e5ac,76732.89,76732.89,0.0,337482.64,414215.54,40.67705,-73.89125,595.0,3,0
a98acfb3-d21a-4bfc-b335-6df1ea18350d,6302888.93,6302888.93,0.0,0.0,0.0,34.63915,-120.45794,170.0,4,0
de464539-28b3-44c2-8fdb-129dbca0ff57,22824.08,22824.08,0.0,22244.35,45068.43,34.142509999999994,-118.25508,552.0000000000001,3,0
227a36a4-9174-4eac-ba23-c2b9ba444698,11653.98,11653.98,0.0,0.0,0.0,37.60876,-77.37331,139.00000000000003,4,0
332e7353-5a2a-4510-b226-a18bcf12d02b,19244.9,19244.9,0.0,0.0,0.0,33.03699,-117.29198,169.0,4,0
6a7e3979-6192-4581-916b-e28325c21b04,23031.26,23031.26,0.0,0.0,0.0,39.43534,-84.20299,208.0,4,0
c2b00d8d-ab62-47ff-b3dc-1b1429f8f524,102256.57,102256.57,0.0,0.0,0.0,39.72943,-104.83192,381.0,4,1
e3d83845-0881-412f-8b50-1a0276440f39,511379.9,511379.9,0.0,0.0,0.0,43.54072,-116.56346,105.0,4,0
1e0fbc21-b3eb-4571-9d0a-e9a9e2382160,1869237.83,1869237.83,0.0,472924.32,2342162.15,32.44874,-99.73314,165.0,3,0
4e688234-c0fb-4505-93de-3a4d5654beea,5926745.36,5926745.36,0.0,2380392.38,8307137.74,41.55815,-73.0515,271.00000000000006,3,0
9f00630f-1ce4-4f25-b624-e75af1064644,5494862.93,5494862.93,0.0,0.0,0.0,39.57582,-105.11221,266.00000000000006,4,0
add05b10-ff79-47c4-b851-826ed87dff6e,381247.3,381247.3,0.0,392496.79,773744.09,45.49428,-122.86705,596.0,3,0
d9d64fb4-8fad-490c-aacf-4196d91ba902,441445.58,441445.58,0.0,0.0,0.0,28.54944,-81.77285,7.0,4,0
4c28c524-03e5-41c3-b8f7-373556930770,103909.1,103909.1,0.0,0.0,0.0,35.61452,-88.81395,494.0,4,0
84b7dc57-a6a6-4ca6-99c3-e44b8e3aa2d4,9467.62,9467.62,0.0,92573.18,102040.81,44.990120000000005,-123.02621,145.00000000000003,3,0
03e961f7-c198-49bb-a5f0-58f1d570b69c,296186.51,296186.51,0.0,0.0,0.0,38.54491,-121.74052,482.0,4,1
98f27a30-fff1-4601-ba6f-ab16fb26c954,526119.49,526119.49,0.0,340510.43,866629.92,28.54944,-81.77285,483.0,3,0
eb1c9b10-d3ee-4f58-9339-f3cb83159e4e,1312694.5,1312694.5,0.0,0.0,0.0,41.85059,-87.882,740.0,4,0
7150aa87-0637-40ed-b6a6-46de97a463c5,49423.31,49423.31,0.0,0.0,0.0,41.57721,-93.71133,612.0,4,0
7cfcb557-636e-4d69-91c9-543699a09e7b,907361.75,907361.75,0.0,0.0,0.0,27.718090000000004,-82.35176,432.0,4,0
564fbfc2-880a-4aeb-b1e2-1d1858d4b2a6,269722.42,269722.42,0.0,0.0,0.0,31.84568,-102.36764,467.0,4,0
976d8b06-37d3-435a-bcc2-0b138298183b,880661.14,880661.14,0.0,0.0,880661.14,27.718090000000004,-82.35176,692.0,3,0
3646fc96-1f34-4a6f-8a02-465087d54985,835770.84,835770.84,0.0,0.0,0.0,37.71715,-122.40433,580.0000000000001,4,0
57e8ec78-d5e8-4109-99a8-dea93ce24cbd,768520.15,768520.15,0.0,218306.5,986826.65,40.81,-73.9625,132.00000000000003,3,0
eb6642ea-ad17-4a10-8672-ab96b025794e,1962548.46,1962548.46,0.0,0.0,0.0,37.60876,-77.37331,352.0,4,0
32accaab-9795-4fa8-9ed7-12fa4dbbc899,90204.54,90204.54,0.0,0.0,0.0,38.06084,-97.92977,38.0,4,0
fd3659f0-5ed5-4960-810b-e67fffbdb086,23639.56,23639.56,0.0,0.0,0.0,44.990120000000005,-123.02621,721.0,4,0
12dffdc0-9977-43c8-9274-1dae5ae2e5e0,37323.15,37323.15,0.0,868591.49,905914.64,34.142509999999994,-118.25508,442.0,3,1
91e6ef9e-bb9b-44a4-b399-fa933c3d4693,549159.68,549159.68,0.0,5479220.09,6028379.77,43.1009,-75.23266,342.0,3,0
0b9c02f1-3bc7-4621-acb7-79f91f9781d8,207261.07,207261.07,0.0,48221.7,255482.77,33.98154,-81.23621,498.0,3,0
058a4af6-c140-452b-9db5-98cc6ee446d4,537539.57,537539.57,0.0,8034.16,545573.72,35.250640000000004,-91.73625,736.0,3,0
82e45e8f-f834-47fb-8f68-52d7bd7cf1cd,762782.66,762782.66,0.0,0.0,0.0,28.54944,-81.77285,652.0,4,0
a5d121e1-9f7f-4200-980d-659dcb1a06ec,912950.54,912950.54,0.0,0.0,0.0,33.93113,-117.54866,690.0,4,0
a8a29080-a21f-41bd-ad72-2f1b13f69690,7539165.76,7539165.76,0.0,63054.95,7602220.71,47.64995,-117.23991,668.0,3,0
962eda22-b57b-47ac-9af7-ad872792e201,84312.29,84312.29,0.0,121545.95,205858.24,35.88264,-80.08199,329.0,3,0
c2701796-1765-428f-ad4c-ff1e21184d41,563388.67,563388.67,0.0,0.0,563388.67,41.85059,-87.882,465.0,3,0
7661fd43-3aa0-4fe6-bfbd-8f380f178278,109401.88,109401.88,0.0,0.0,0.0,43.1009,-75.23266,30.0,4,0
6dcb9ced-c9fc-4e66-9ceb-58e3ae25c026,6703831.4,6703831.4,0.0,99114.49,6802945.89,20.88953,-156.47432,388.0,3,0
29c4612a-3bca-419e-8e15-f8148d9dfac4,747282.4,747282.4,0.0,0.0,0.0,42.35843,-71.05977,15.0,4,0
11a614b6-5ef0-4bfd-9ec8-2a4ea1f33d33,913684.05,913684.05,0.0,410443.03,1324127.08,40.93121,-73.89875,470.0,3,0
6f6b3478-498c-491a-babc-1da0c752e701,628697.26,628697.26,0.0,0.0,628697.26,32.9156,-117.14392,580.0000000000001,3,0
a5dbe8f7-1e94-49f3-a0c7-721fcd00376c,56125.55,56125.55,0.0,157761.5,213887.05,35.74788,-95.36969,574.0000000000001,3,0
a537299d-6ec5-4c4e-96a1-d41756e23d77,1158070.88,1158070.88,0.0,0.0,1158070.88,34.63915,-120.45794,600.0,3,1
e1cb5dc9-0811-42be-8ff7-195e3a8e5b00,48340.79,48340.79,0.0,3532298.75,3580639.54,42.30865,-83.48216,514.0,3,0
97cf2726-2bfd-4230-9c4b-bf67a2a3843b,194876.96,194876.96,0.0,0.0,0.0,47.92526,-97.03285,678.0,4,0
83f322ef-bb5b-4ec2-aaff-20eb3f811447,1390048.67,1390048.67,0.0,0.0,0.0,39.72943,-104.83192,715.0,4,0
0be61cbc-6fed-4658-aa59-4531f8ddeca8,10000000.0,15455965.86,5455965.86,0.0,0.0,38.96372,-76.99081,421.0,4,0
1fd41de5-a4ca-4a70-9721-01c9bc37f4f4,921894.19,921894.19,0.0,0.0,0.0,32.35126,-95.30106,523.0000000000001,4,0
794fdb19-fea4-4236-b688-93572726a09f,134194.59,134194.59,0.0,1656961.35,1791155.94,47.64995,-117.23991,163.0,3,0
cecbcf98-da33-475d-b982-a9b7ceb4645c,3028421.03,3028421.03,0.0,4503234.54,7531655.57,41.80753,-87.65644,428.0,3,0
bf3aa9d6-5a10-44fc-a7cd-ee473cd30e59,212130.67,212130.67,0.0,1542937.19,2133644.57,32.42067,-104.22884,133.00000000000003,3,0
5e6fcff6-60a8-40ea-8434-e626c931ea80,1388774.78,1388774.78,0.0,0.0,0.0,42.35843,-71.05977,222.0,4,0
e4cd04d4-3f4b-4fef-8f9e-de65e32354c4,1258956.71,1258956.71,0.0,4736010.72,5994967.43,39.00622,-77.4286,22.0,3,0
0fbaba1e-bd13-4ebe-9599-a47ece990e49,620791.47,620791.47,0.0,0.0,0.0,41.48199,-81.79819,697.0,4,0
cb561b84-4760-499f-9f02-eb71f2b7ff8a,209829.57,209829.57,0.0,0.0,209829.57,33.95015,-118.03917,558.0000000000001,3,0
503e762f-72be-41ef-8d2e-b9f79cbd952c,573266.42,573266.42,0.0,0.0,0.0,40.2737,-76.88441999999999,702.0,4,0
8e118072-dfd0-4fbd-a570-328e7eeeaddd,2007.0,2007.0,0.0,0.0,0.0,47.64995,-117.23991,12.0,4,0
10ab4ea4-6042-483b-892b-b01d5c24a1d6,824841.09,824841.09,0.0,0.0,0.0,33.41012,-91.06177,501.0,4,1
0fda23e4-deda-422c-a70d-c85ea8a23a7d,3477438.49,3477438.49,0.0,0.0,0.0,47.38093,-122.23484,19.0,4,0
6ab62f2d-934f-4ace-b2b0-bccd8b6d1d78,144065.75,144065.75,0.0,0.0,0.0,26.68451,-80.66756,125.0,4,0
6934bbee-26ac-45d3-a4fb-b45885d323c1,159094.64,159094.64,0.0,0.0,0.0,39.32011,-76.51552,523.0000000000001,4,0
f2ecad37-49c1-4206-a24d-75b9c81a68a6,286835.21,286835.21,0.0,0.0,0.0,41.50343,-74.01042,695.0,4,0
d7daa707-f69c-4284-a858-b0e924206284,6324299.91,6324299.91,0.0,411927.3,6736227.21,40.94065,-73.99681,562.0000000000001,3,0
6524d2d8-9783-429d-99d4-9ce790f517b3,4152987.1,4152987.1,0.0,0.0,0.0,33.54428,-84.23380999999999,434.0,4,0
dde9fb20-12a8-487a-a838-7f0c68eb7608,255028.93,255028.93,0.0,2684616.74,2939645.67,40.63316,-74.13653000000001,256.0,3,0
4eb0ad57-ff1b-43da-b252-8512a1fe6525,98692.72,98692.72,0.0,67599.16,166291.88,39.72943,-104.83192,111.0,3,0
181b2726-a19b-4724-892d-33865124ad0f,803441.31,803441.31,0.0,1006726.81,1810168.11,46.32374,-120.00865,663.0,3,0
b67a2ba6-ec16-45f7-b871-6aefc5bbc77c,3139423.35,3139423.35,0.0,0.0,0.0,32.5007,-94.74049,242.0,4,0
29e005a7-7fc7-4165-9050-2530cdc5c8ed,303846.74,303846.74,0.0,343660.89,647507.63,28.15112,-82.46148000000001,742.0,3,0
950f6717-b189-41ce-a6b4-3d0119c00cfe,271150.29,271150.29,0.0,0.0,0.0,35.74788,-95.36969,314.0,4,1
44e83cc5-a0f1-4ccc-824e-6bef75e61eab,1764326.19,1764326.19,0.0,0.0,0.0,37.95143,-91.77127,192.0,4,0
7ee0bc0c-451b-4422-92dd-6892e3e6e137,248799.49,248799.49,0.0,0.0,0.0,35.05266,-78.87836,523.0000000000001,4,0
6555067b-0b3b-414c-9a2d-50ccbfe94690,125216.91,125216.91,0.0,0.0,0.0,32.35126,-95.30106,612.0,4,0
ee5ff08c-4f58-4990-b6d7-66b412178684,268762.37,268762.37,0.0,0.0,0.0,41.80753,-87.65644,280.00000000000006,4,0
e53af120-02d4-436b-9fc3-033fea065501,10000000.0,15614246.07,5614246.07,0.0,0.0,46.09273,-88.64235,303.0,4,0
8d78247b-6c4d-4fc5-b433-3f2efb16b396,2666139.51,2666139.51,0.0,0.0,0.0,45.53929,-122.38731,641.0,4,1
5cb8db17-e493-498f-b9b4-67e89a6e7f2f,7133.97,7133.97,0.0,0.0,0.0,36.208290000000005,-115.98391,281.00000000000006,4,0
22f86fac-0294-4391-9a9b-d6fb37a68119,177680.54,177680.54,0.0,0.0,0.0,34.142509999999994,-118.25508,164.0,4,0
c442bebe-b2f7-49f1-add2-0434c26fdee1,3370781.65,3370781.65,0.0,0.0,0.0,47.76232,-122.2054,564.0000000000001,4,0
e2b90e69-5208-4683-a5d3-d8ab1243e73c,916886.3,916886.3,0.0,0.0,0.0,46.09273,-88.64235,650.0,4,0
5702922d-5169-449e-b7d0-84bd72d393e1,2815.61,2815.61,0.0,0.0,0.0,42.97086,-82.42491,191.0,4,0
6d4b4807-99ed-492b-9a5c-c2fa63495b48,448025.06,448025.06,0.0,0.0,0.0,40.56754,-89.64066,20.0,4,0
727b4270-56c2-469c-9f58-0e9cc66af525,158788.32,158788.32,0.0,4995950.14,5154738.46,39.08367,-84.50855,704.0,3,0
6f2620a5-def6-4034-8bda-a388dbea8089,365069.45,365069.45,0.0,0.0,0.0,44.990120000000005,-123.02621,411.0,4,0
58c80e36-4556-461a-abb9-1394d1ab3db3,32733.43,32733.43,0.0,0.0,32733.43,35.74788,-95.36969,255.0,3,0
5bdf5439-e3aa-40c1-834c-20bb3ed48431,120232.13,120232.13,0.0,0.0,0.0,41.16704,-73.20483,115.0,4,0
a46add75-c302-4644-b82c-98f2494bc1e3,1848199.45,1848199.45,0.0,1668360.97,3516560.42,26.18924,-98.15529,127.0,3,0
1592adff-a091-4fa2-8e23-e72b29b38cff,803441.31,803441.31,0.0,0.0,0.0,41.24255,-82.61573,663.0,4,0
c4e3196c-e436-47fe-b29d-cab0b7d6efa7,50523.78,50523.78,0.0,0.0,0.0,41.27621,-72.86843,650.0,4,0
b926ede1-481c-4211-91a4-b0c741e34e42,106601.15,106601.15,0.0,0.0,0.0,28.900540000000003,-81.26366999999999,383.0,4,0
a8ab151c-f2b5-4d10-bdf6-32ef910158ae,1755647.81,1755647.81,0.0,2930014.23,4685662.04,41.48199,-81.79819,740.0,3,1
65ecfe2f-c909-4cf3-8edb-d0b74fd65e8d,332138.32,332138.32,0.0,0.0,0.0,36.91023,-121.75688999999998,61.0,4,0
c183636e-a249-46fc-8a29-0dca2c054b9f,49492.39,49492.39,0.0,0.0,0.0,47.80527,-122.24063999999998,689.0,4,0
6a4845e0-0092-44d9-a296-b67f17a7f9df,150157.6,150157.6,0.0,0.0,0.0,27.718090000000004,-82.35176,579.0000000000001,4,0
0550b79e-8e79-4c8f-afea-1a6cbb9194fb,760984.58,760984.58,0.0,0.0,0.0,25.67927,-80.31727,456.0,4,0
a67aac41-6a0b-4f38-a436-661c4b79a1d9,404394.04,404394.04,0.0,235809.57,640203.61,41.48199,-81.79819,705.0,3,0
2959ef1b-0000-45a5-8383-9b25b94880db,59893.41,59893.41,0.0,0.0,0.0,36.208290000000005,-115.98391,314.0,4,0
8b3592d0-cefc-4224-9d02-aa98b6ef5e19,142715.07,142715.07,0.0,0.0,0.0,41.15376,-87.88754,348.0,4,0
d984b910-3916-4956-bb8c-d7926f74b5ef,568918.32,568918.32,0.0,0.0,0.0,30.5427,-97.54667,635.0,4,0
b86e504a-d45a-4375-80b7-f35abd8534f2,17822.02,17822.02,0.0,0.0,0.0,29.84576,-90.10674,86.0,4,0
5fb8bc01-93cc-4ada-a3ad-7b270194a7e7,1463764.35,1463764.35,0.0,0.0,0.0,41.16704,-73.20483,450.0,4,0
204b1408-0cae-45c5-9f1c-73795e37eb2d,147080.42,147080.42,0.0,0.0,147080.42,41.14676,-73.49484,151.0,3,0
79a6751e-63a4-46c8-9050-19add3ccad03,1258956.71,1258956.71,0.0,0.0,0.0,35.61452,-88.81395,22.0,4,1
aecb797b-6682-4445-a68d-965275eed87b,36847.9,36847.9,0.0,0.0,0.0,41.27621,-72.86843,108.0,4,0
b2cb008f-21ab-4e68-be29-9b0a1b361b53,628033.58,628033.58,0.0,0.0,0.0,37.52487,-77.55776999999999,644.0,4,0
515af366-3a85-4865-a19a-57a53cb80676,320977.49,320977.49,0.0,0.0,0.0,39.32011,-76.51552,564.0000000000001,4,0
1e3bd5cd-940f-41a1-9d7d-41a48fc078ab,454511.73,454511.73,0.0,0.0,0.0,26.91756,-82.07842,35.00000000000001,4,0
743efaaa-a169-4baa-8c37-2d588105cc1b,375419.35,375419.35,0.0,0.0,0.0,39.72943,-104.83192,354.0,4,0
be2040aa-8098-4072-a0f2-0b7fbe267cb3,2598276.05,2598276.05,0.0,5368346.27,7966622.32,42.16808,-88.42814,167.0,3,0
a78b006a-19f3-4d92-8c04-fe8a493aebe1,1146381.44,1146381.44,0.0,484779.21,1631160.65,25.67927,-80.31727,476.0,3,0
b21b2b34-3f48-4ae4-a987-5b54ca3c4399,38427.47,38427.47,0.0,27167.41,65594.88,39.78504,-85.76942,207.0,3,0
dda963e4-e348-418a-a88b-deef430ab751,1968431.0,1968431.0,0.0,0.0,0.0,45.53929,-122.38731,374.0,4,0
2350ed19-1dc5-4425-b633-4a50a03ab7b3,605108.36,605108.36,0.0,0.0,0.0,41.84364,-87.71255,493.0,4,0
73017808-df38-4665-b166-7e038cd9fbfc,3606943.31,3606943.31,0.0,0.0,0.0,33.98154,-81.23621,35.00000000000001,4,0
02868313-5104-4524-b6e3-2041f5f5de40,1096187.24,1096187.24,0.0,0.0,0.0,33.03699,-117.29198,2.0,4,0
73da243a-9823-43c3-8b63-606328cefd43,57204.07,57204.07,0.0,2726027.96,2783232.03,33.03699,-117.29198,543.0000000000001,3,0
06334d9c-93e4-4ea6-8142-39790d7ee452,635409.32,635409.32,0.0,0.0,0.0,46.32374,-120.00865,700.0,4,0
f9a6335c-56e5-4bd0-b93a-6144ee4f73c5,9110884.44,9110884.44,0.0,0.0,9110884.44,34.25628,-78.04471,387.0,3,1
80132797-e9a8-47ee-bb3b-98acb93b9c4a,286670.9,286670.9,0.0,1028298.11,1314969.01,41.72059,-87.70172,99.0,3,0
260e65ee-0cb2-415c-942e-d00408c7137c,176273.29,176273.29,0.0,0.0,176273.29,45.49428,-122.86705,173.0,3,0
774d8cf9-f009-4517-b092-2193294bf650,10000000.0,12930418.44,2930418.44,0.0,0.0,41.48199,-81.79819,4.0,4,0
c97d784a-7a36-4054-8e44-a53b8b569d61,639680.32,639680.32,0.0,0.0,0.0,41.80753,-87.65644,262.00000000000006,4,0
59ae5f85-b401-4a95-a5b3-20ebf6bf502a,4640633.37,4640633.37,0.0,0.0,0.0,44.990120000000005,-123.02621,464.0,4,0
7a1668f7-6211-4e71-aa35-258d24bd6125,339152.24,339152.24,0.0,0.0,0.0,47.64995,-117.23991,704.0,4,0
835e1cbb-97c9-4c73-b0d4-5b4d8e523165,581421.85,581421.85,0.0,407848.96,989270.81,42.30865,-83.48216,60.0,3,0
fbb54a0a-4169-433a-b748-7968b8f249db,2271674.66,2271674.66,0.0,0.0,0.0,30.16688,-96.39774,271.00000000000006,4,0
a07f62fb-b1dc-4c01-8fbf-34bbb1424f7e,735329.1,735329.1,0.0,0.0,735329.1,33.03699,-117.29198,688.0,3,0
17b176ff-087d-415f-976b-051496379e43,9228514.1,9228514.1,0.0,1088377.41,10316891.51,37.71715,-122.40433,450.0,3,0
71d63459-52ff-46d7-a6c9-498c99ac7ed8,37766.23,37766.23,0.0,0.0,0.0,36.208290000000005,-115.98391,415.0,4,0
14a10737-e14d-4eea-ab2b-548bf4d813e4,346183.99,346183.99,0.0,0.0,0.0,41.80753,-87.65644,612.0,4,0
fd22846b-b8b9-4370-b9bc-f6e618007e91,1137603.28,1137603.28,0.0,101685.4,1239288.68,34.63915,-120.45794,147.0,3,0
f27f74ae-3f49-4ff1-9ca7-a48720285a69,434401.5,434401.5,0.0,542289.09,976690.59,41.72059,-87.70172,596.0,3,0
1223083e-c9dc-4b3b-87ce-6f420111bd85,703833.48,703833.48,0.0,0.0,703833.48,41.50343,-74.01042,90.0,3,1
ed1aee63-2fa9-4d07-99c2-d152592e0fa1,762135.72,762135.72,0.0,47768.78,809904.5,41.72059,-87.70172,163.0,3,0
035b58ea-7798-4415-9939-42c7a2434628,108783.2,108783.2,0.0,89597.75,198380.95,47.80527,-122.24063999999998,217.0,3,0
25b37098-6179-4893-a143-ac94da637fa2,88748.63,88748.63,0.0,664794.37,753543.0,36.208290000000005,-115.98391,337.0,3,0
87bace15-2591-4ca7-bf23-97bbbef46e69,605029.34,605029.34,0.0,0.0,0.0,37.95143,-91.77127,190.0,4,0
fa182369-7962-4966-a655-db3206f3d86e,10000000.0,11975271.77,1975271.77,0.0,0.0,28.54944,-81.77285,386.0,4,0
35529056-9237-4216-82bc-1739af16124b,19952.89,19952.89,0.0,41255.75,61208.64,32.42067,-104.22884,468.0,3,0
a995d09e-6d49-4067-8b91-7cbd152fac3d,134293.12,134293.12,0.0,0.0,0.0,36.02506,-86.77917,638.0,4,0
ff765121-6881-451b-98a4-c14f25c86f6e,102371.12,102371.12,0.0,0.0,0.0,34.06635,-84.67837,563.0000000000001,4,0
5068f0d9-b2a8-4fdc-8f64-59d63d67bad1,585396.14,585396.14,0.0,0.0,0.0,32.52515,-93.75018,456.0,4,0
e3999cd6-8187-44d6-adcc-843e5ec49292,645104.5,645104.5,0.0,0.0,645104.5,28.900540000000003,-81.26366999999999,673.0,3,0
ab4ab280-f051-40c2-bd5b-7a6bd8e54c17,7482670.24,7482670.24,0.0,2097169.4,9579839.64,37.73604,-120.93549,200.0,3,0
11acb8db-efb5-4722-b413-9c4b1acbdcd3,2205.55,2205.55,0.0,0.0,0.0,43.16547,-77.70066,641.0,4,1
781c6a8d-e7b4-4e6c-bfbf-886139228b4d,655294.3,655294.3,0.0,0.0,0.0,32.42067,-104.22884,104.0,4,0
6b7783bc-eb52-4462-bd6d-05b2d9a7f348,8594499.99,8594499.99,0.0,0.0,0.0,28.54944,-81.77285,173.0,4,0
8b3233e6-b291-4a8b-ba4e-37752a5bf7e1,780066.22,780066.22,0.0,105671.95,885738.18,34.06635,-84.67837,229.0,3,0
21846cff-7232-4f25-bed4-c66698e06c8e,2425164.58,2425164.58,0.0,0.0,0.0,34.25628,-78.04471,412.0,4,0
f3eae075-89ce-4c18-8a4e-e32dda6f0cdc,658855.33,658855.33,0.0,0.0,0.0,41.50343,-74.01042,520.0000000000001,4,0
3f2cdc51-9896-431a-b14a-27a51824ea71,2658595.89,2658595.89,0.0,0.0,0.0,42.30865,-83.48216,122.0,4,0
e495482f-1337-4ef1-90e9-2b089344f203,8267760.5,8267760.5,0.0,0.0,0.0,43.91452,-69.96533000000001,96.0,4,0
2cb4949c-849b-494a-ba45-47fdeb498010,311234.46,311234.46,0.0,978976.44,1290210.9,20.88953,-156.47432,528.0000000000001,3,0
a0e321f7-9c41-4166-a7b9-2e66aaa97e91,884821.37,884821.37,0.0,0.0,0.0,38.70734,-77.02303,576.0000000000001,4,0
bb07af6f-c8d2-4c19-be7e-0f822cccf72e,24853.41,24853.41,0.0,11435.22,36288.63,39.72943,-104.83192,657.0,3,0
c7a134ea-3e88-4ef2-a250-89111ec6d688,2938833.22,2938833.22,0.0,0.0,2938833.22,39.09112,-94.41551,641.0,3,0
77621536-1c12-46d2-9e44-2c20e6803324,2312944.11,2312944.11,0.0,0.0,2312944.11,26.91756,-82.07842,219.0,3,1
2740ff78-d15d-48ac-9478-ba83a6272fdd,222.0,222.0,0.0,24708.0,171647.35,41.50343,-74.01042,8.0,3,0
7e637dd5-6131-4902-ad4e-a0c581c8ccf5,3399575.93,3399575.93,0.0,0.0,3399575.93,41.84364,-87.71255,711.0,3,0
56629b5c-48f5-4d8d-84ce-24d84861c968,171337.99,171337.99,0.0,359188.01,530526.01,37.71715,-122.40433,143.00000000000003,3,0
17a2bb0f-625d-41a3-a279-68e7cea778d3,4339822.23,4339822.23,0.0,0.0,0.0,32.42067,-104.22884,440.0,4,0
3307be73-ff09-4bf9-9b30-87e402279016,1128579.71,1128579.71,0.0,0.0,1128579.71,29.84576,-90.10674,208.0,3,0
758a0878-5803-4b4f-907f-d4f7f2ea039b,85113.85,85113.85,0.0,0.0,85113.85,37.71715,-122.40433,362.0,3,1
235f3661-642b-4921-9796-acd0c4f6be87,45077.1,45077.1,0.0,0.0,0.0,41.27621,-72.86843,82.0,4,0
2aba3a46-e08a-415e-a15d-8071ee00db7c,2641674.43,2641674.43,0.0,0.0,2641674.43,40.24537,-75.64963,388.0,3,1
